date,net_pnl
2010-01-04,1.0
2010-01-05,1.0
2010-01-06,1.0
2010-01-07,1.0
2010-01-08,1.0
2010-01-11,1.0
2010-01-12,1.0
2010-01-13,1.0
2010-01-14,1.0
2010-01-15,1.0
2010-01-19,1.0
2010-01-20,1.0
2010-01-21,1.0
2010-01-22,1.0
2010-01-25,1.0
2010-01-26,1.0
2010-01-27,1.0
2010-01-28,1.0
2010-01-29,1.0
2010-02-01,1.0
2010-02-02,1.0
2010-02-03,1.0
2010-02-04,1.0
2010-02-05,1.0
2010-02-08,1.0
2010-02-09,1.0
2010-02-10,1.0
2010-02-11,1.0
2010-02-12,1.0
2010-02-16,1.0
2010-02-17,1.0
2010-02-18,1.0
2010-02-19,1.0
2010-02-22,1.0
2010-02-23,1.0
2010-02-24,1.0
2010-02-25,1.0
2010-02-26,1.0
2010-03-01,1.0
2010-03-02,1.0
2010-03-03,1.0
2010-03-04,1.0
2010-03-05,1.0
2010-03-08,1.0
2010-03-09,1.0
2010-03-10,1.0
2010-03-11,1.0
2010-03-12,1.0
2010-03-15,1.0
2010-03-16,1.0
2010-03-17,1.0
2010-03-18,1.0
2010-03-19,1.0
2010-03-22,1.0
2010-03-23,1.0
2010-03-24,1.0
2010-03-25,1.0
2010-03-26,1.0
2010-03-29,1.0
2010-03-30,1.0
2010-03-31,1.0
2010-04-01,1.0
2010-04-05,1.0
2010-04-06,1.0
2010-04-07,1.0
2010-04-08,1.0
2010-04-09,1.0
2010-04-12,1.0
2010-04-13,1.0
2010-04-14,1.0
2010-04-15,1.0
2010-04-16,1.0
2010-04-19,1.0
2010-04-20,1.0
2010-04-21,1.0
2010-04-22,1.0
2010-04-23,1.0
2010-04-26,1.0
2010-04-27,1.0
2010-04-28,1.0
2010-04-29,1.0
2010-04-30,1.0
2010-05-03,1.0
2010-05-04,1.0
2010-05-05,1.0
2010-05-06,1.0
2010-05-07,1.0
2010-05-10,1.0
2010-05-11,1.0
2010-05-12,1.0
2010-05-13,1.0
2010-05-14,1.0
2010-05-17,1.0
2010-05-18,1.0
2010-05-19,1.0
2010-05-20,1.0
2010-05-21,1.0
2010-05-24,1.0
2010-05-25,1.0
2010-05-26,1.0
2010-05-27,1.0
2010-05-28,1.0
2010-06-01,1.0
2010-06-02,1.0
2010-06-03,1.0
2010-06-04,1.0
2010-06-07,1.0
2010-06-08,1.0
2010-06-09,1.0
2010-06-10,1.0
2010-06-11,1.0
2010-06-14,1.0
2010-06-15,1.0
2010-06-16,1.0
2010-06-17,1.0
2010-06-18,1.0
2010-06-21,1.0
2010-06-22,1.0
2010-06-23,1.0
2010-06-24,1.0
2010-06-25,1.0
2010-06-28,1.0
2010-06-29,1.0
2010-06-30,1.0
2010-07-01,1.0
2010-07-02,1.0
2010-07-06,1.0
2010-07-07,1.0
2010-07-08,1.0
2010-07-09,1.0
2010-07-12,1.0
2010-07-13,1.0
2010-07-14,1.0
2010-07-15,1.0
2010-07-16,1.0
2010-07-19,1.0
2010-07-20,1.0
2010-07-21,1.0
2010-07-22,1.0
2010-07-23,1.0
2010-07-26,1.0
2010-07-27,1.0
2010-07-28,1.0
2010-07-29,1.0
2010-07-30,1.0
2010-08-02,1.0
2010-08-03,1.0
2010-08-04,1.0
2010-08-05,1.0
2010-08-06,1.0
2010-08-09,1.0
2010-08-10,1.0
2010-08-11,1.0
2010-08-12,1.0
2010-08-13,1.0
2010-08-16,1.0
2010-08-17,1.0
2010-08-18,1.0
2010-08-19,1.0
2010-08-20,1.0
2010-08-23,1.0
2010-08-24,1.0
2010-08-25,1.0
2010-08-26,1.0
2010-08-27,1.0
2010-08-30,1.0
2010-08-31,1.0
2010-09-01,1.0
2010-09-02,1.0
2010-09-03,1.0
2010-09-07,1.0
2010-09-08,1.0
2010-09-09,1.0
2010-09-10,1.0
2010-09-13,1.0
2010-09-14,1.0
2010-09-15,1.0
2010-09-16,1.0
2010-09-17,1.0
2010-09-20,1.0
2010-09-21,1.0
2010-09-22,1.0
2010-09-23,1.0
2010-09-24,1.0
2010-09-27,1.0
2010-09-28,1.0
2010-09-29,1.0
2010-09-30,1.0
2010-10-01,1.0
2010-10-04,1.0
2010-10-05,1.0
2010-10-06,1.0
2010-10-07,1.0
2010-10-08,1.0
2010-10-11,1.0
2010-10-12,1.0
2010-10-13,1.0
2010-10-14,1.0
2010-10-15,1.0
2010-10-18,0.9918122345454403
2010-10-19,0.9933093357229286
2010-10-20,0.995383082059682
2010-10-21,0.9956121654386414
2010-10-22,0.9973162297661237
2010-10-25,0.9951053110355293
2010-10-26,0.9942580009496391
2010-10-27,0.997701406636115
2010-10-28,0.9973669303481573
2010-10-29,0.9972538984747916
2010-11-01,1.0007949554521127
2010-11-02,1.002408257645737
2010-11-03,1.0073419440138733
2010-11-04,1.0076569909191764
2010-11-05,1.005270751818923
2010-11-08,1.0092317941421165
2010-11-09,1.009985613419813
2010-11-10,1.0041152290751614
2010-11-11,1.0015940798956326
2010-11-12,1.0041382685805487
2010-11-15,0.9996505519688671
2010-11-16,0.9998464356630937
2010-11-17,1.0047465765413957
2010-11-18,1.0032351153396244
2010-11-19,1.0010441991896828
2010-11-22,0.9952931580838922
2010-11-23,1.0006880706803776
2010-11-24,0.9976302346127204
2010-11-26,0.9965137733152906
2010-11-29,0.9906870333552604
2010-11-30,0.9998296936028426
2010-12-01,1.0022229193343888
2010-12-02,0.9990275216145341
2010-12-03,1.0005486556301633
2010-12-06,1.008169621695581
2010-12-07,1.0090670653801894
2010-12-08,1.010123281858671
2010-12-09,1.011849772410152
2010-12-10,1.0149811094533965
2010-12-13,1.0182555530450428
2010-12-14,1.0178006252155425
2010-12-15,1.019567002749576
2010-12-16,1.0208841879341148
2010-12-17,1.0203279615909608
2010-12-20,1.022844258781324
2010-12-21,1.0227216705965088
2010-12-22,1.0204924128471757
2010-12-23,1.0187409305207953
2010-12-27,1.0185495624724006
2010-12-28,1.019271948328868
2010-12-29,1.0188021156737102
2010-12-30,1.017933768178741
2010-12-31,1.0247057443408882
2011-01-03,1.0270741321674715
2011-01-04,1.0243695659263614
2011-01-05,1.0304210377620913
2011-01-06,1.0304907728927954
2011-01-07,1.0324386833609178
2011-01-10,1.032794218935049
2011-01-11,1.0371889773261003
2011-01-12,1.042909706918892
2011-01-13,1.0445830769402076
2011-01-14,1.0331085872336139
2011-01-18,1.037431223019154
2011-01-19,1.0349595490656223
2011-01-20,1.045116422831258
2011-01-21,1.0464103862898297
2011-01-24,1.0426960757210246
2011-01-25,1.0450135038383601
2011-01-26,1.0507237024744944
2011-01-27,1.0546916497983483
2011-01-28,1.0563525846261275
2011-01-31,1.062069970114006
2011-02-01,1.0600155948502936
2011-02-02,1.0605052406154178
2011-02-03,1.0620515601967777
2011-02-04,1.0643278432947156
2011-02-07,1.065058205198452
2011-02-08,1.062250853293363
2011-02-09,1.056249107756228
2011-02-10,1.0535957874524584
2011-02-11,1.0556713122370927
2011-02-14,1.0532026814069584
2011-02-15,1.0568215706162725
2011-02-16,1.0525105623708437
2011-02-17,1.0541530102109196
2011-02-18,1.038905455272433
2011-02-22,1.0393757373265589
2011-02-23,1.0434261927185429
2011-02-24,1.050551015115969
2011-02-25,1.0552257183295144
2011-02-28,1.0603925382563728
2011-03-01,1.059761179581734
2011-03-02,1.0682527404770692
2011-03-03,1.069832632905157
2011-03-04,1.0708417622334903
2011-03-07,1.0718637312048118
2011-03-08,1.0691853134737395
2011-03-09,1.0575144897890694
2011-03-10,1.053123625940979
2011-03-11,1.0547440324044624
2011-03-14,1.0385917958737239
2011-03-15,1.034299682294682
2011-03-16,1.044406651569702
2011-03-17,1.0521937582652576
2011-03-18,1.0648459656086708
2011-03-21,1.0634475562954184
2011-03-22,1.0621320147358568
2011-03-23,1.0751983114287695
2011-03-24,1.0777727011047236
2011-03-25,1.0823945521728442
2011-03-28,1.0802287520274214
2011-03-29,1.0859763200721089
2011-03-30,1.0868099152530284
2011-03-31,1.0924116382037554
2011-04-01,1.0933633597843007
2011-04-04,1.096284206966531
2011-04-05,1.1054671225778898
2011-04-06,1.1060595519600604
2011-04-07,1.1111283905150202
2011-04-08,1.109586139908554
2011-04-11,1.1011843884937846
2011-04-12,1.111788648879242
2011-04-13,1.104443681608423
2011-04-14,1.0979819671621016
2011-04-15,1.0853690824816695
2011-04-18,1.087343903099941
2011-04-19,1.108962103233185
2011-04-20,1.119338114893059
2011-04-21,1.117350159828208
2011-04-25,1.1217679405616203
2011-04-26,1.1249588888671997
2011-04-27,1.121148029569594
2011-04-28,1.1202940595210655
2011-04-29,1.1245913785583266
2011-05-02,1.1228779782538327
2011-05-03,1.1222451486484732
2011-05-04,1.1198800318305029
2011-05-05,1.1315661561914194
2011-05-06,1.1315833468265035
2011-05-09,1.1332541260410147
2011-05-10,1.132683698031752
2011-05-11,1.1300494886274812
2011-05-12,1.1232237465405654
2011-05-13,1.1209793239168395
2011-05-16,1.1183966918324226
2011-05-17,1.1183966918324226
2011-05-18,1.1183966918324226
2011-05-19,1.1183966918324226
2011-05-20,1.1048262361121206
2011-05-23,1.1094783862469264
2011-05-24,1.1122321130057717
2011-05-25,1.1107386087736342
2011-05-26,1.1125292420353117
2011-05-27,1.1226972543843943
2011-05-31,1.1197398402101384
2011-06-01,1.1217874849544651
2011-06-02,1.118383895141579
2011-06-03,1.1182956176597898
2011-06-06,1.1211158962214998
2011-06-07,1.12044225186976
2011-06-08,1.1218162077260998
2011-06-09,1.1192120711829245
2011-06-10,1.1203396865584798
2011-06-13,1.125893880690614
2011-06-14,1.1205250700688443
2011-06-15,1.121643414662436
2011-06-16,1.1239824840428647
2011-06-17,1.1238855080099637
2011-06-20,1.1260091450896277
2011-06-21,1.123389960106374
2011-06-22,1.1203823465537752
2011-06-23,1.119313434176059
2011-06-24,1.1199680375427254
2011-06-27,1.1223616757455805
2011-06-28,1.1249869109427204
2011-06-29,1.1265324276985802
2011-06-30,1.126563009994981
2011-07-01,1.1270364604197092
2011-07-05,1.1256218402843312
2011-07-06,1.1278175821502658
2011-07-07,1.1249905812130159
2011-07-08,1.119144327440167
2011-07-11,1.1181540998864303
2011-07-12,1.1203783143019872
2011-07-13,1.12088407451318
2011-07-14,1.1243177715461696
2011-07-15,1.1212916804472954
2011-07-18,1.1267292018454442
2011-07-19,1.1330177709860667
2011-07-20,1.1331859664210164
2011-07-21,1.1333501400377242
2011-07-22,1.1290268379812742
2011-07-25,1.1295937484210603
2011-07-26,1.127746742556476
2011-07-27,1.127457585537955
2011-07-28,1.1212736815271114
2011-07-29,1.1298999967492143
2011-08-01,1.1271750732760837
2011-08-02,1.1271750732760837
2011-08-03,1.1271750732760837
2011-08-04,1.1271750732760837
2011-08-05,1.1271750732760837
2011-08-08,1.1271750732760837
2011-08-09,1.1271750732760837
2011-08-10,1.1271750732760837
2011-08-11,1.1271750732760837
2011-08-12,1.1271750732760837
2011-08-15,1.1271750732760837
2011-08-16,1.1271750732760837
2011-08-17,1.1271750732760837
2011-08-18,1.1271750732760837
2011-08-19,1.1271750732760837
2011-08-22,1.1271750732760837
2011-08-23,1.1271750732760837
2011-08-24,1.1271750732760837
2011-08-25,1.1271750732760837
2011-08-26,1.1271750732760837
2011-08-29,1.1271750732760837
2011-08-30,1.1271750732760837
2011-08-31,1.1271750732760837
2011-09-01,1.1271750732760837
2011-09-02,1.1271750732760837
2011-09-06,1.1271750732760837
2011-09-07,1.1271750732760837
2011-09-08,1.1271750732760837
2011-09-09,1.1271750732760837
2011-09-12,1.1271750732760837
2011-09-13,1.1271750732760837
2011-09-14,1.1271750732760837
2011-09-15,1.1271750732760837
2011-09-16,1.1271750732760837
2011-09-19,1.1271750732760837
2011-09-20,1.1271750732760837
2011-09-21,1.1271750732760837
2011-09-22,1.1271750732760837
2011-09-23,1.1271750732760837
2011-09-26,1.1271750732760837
2011-09-27,1.1271750732760837
2011-09-28,1.1271750732760837
2011-09-29,1.1271750732760837
2011-09-30,1.1271750732760837
2011-10-03,1.1271750732760837
2011-10-04,1.1271750732760837
2011-10-05,1.1271750732760837
2011-10-06,1.1271750732760837
2011-10-07,1.1271750732760837
2011-10-10,1.1271750732760837
2011-10-11,1.1271750732760837
2011-10-12,1.1271750732760837
2011-10-13,1.1271750732760837
2011-10-14,1.1271750732760837
2011-10-17,1.1271750732760837
2011-10-18,1.1271750732760837
2011-10-19,1.1271750732760837
2011-10-20,1.1271750732760837
2011-10-21,1.1271750732760837
2011-10-24,1.1271750732760837
2011-10-25,1.1271750732760837
2011-10-26,1.1271750732760837
2011-10-27,1.1245723836055947
2011-10-28,1.1192278704608607
2011-10-31,1.1192278704608607
2011-11-01,1.1192278704608607
2011-11-02,1.1192278704608607
2011-11-03,1.1192278704608607
2011-11-04,1.1192278704608607
2011-11-07,1.1192278704608607
2011-11-08,1.1074101986880787
2011-11-09,1.1074101986880787
2011-11-10,1.1074101986880787
2011-11-11,1.1040290110848763
2011-11-14,1.1040290110848763
2011-11-15,1.1040290110848763
2011-11-16,1.1040290110848763
2011-11-17,1.1040290110848763
2011-11-18,1.1040290110848763
2011-11-21,1.1040290110848763
2011-11-22,1.1040290110848763
2011-11-23,1.1040290110848763
2011-11-25,1.1040290110848763
2011-11-28,1.1040290110848763
2011-11-29,1.1040290110848763
2011-11-30,1.1040290110848763
2011-12-01,1.1040290110848763
2011-12-02,1.1040290110848763
2011-12-05,1.101117139976824
2011-12-06,1.0990152114110183
2011-12-07,1.0863509827204743
2011-12-08,1.0863509827204743
2011-12-09,1.0863509827204743
2011-12-12,1.0863509827204743
2011-12-13,1.0863509827204743
2011-12-14,1.0863509827204743
2011-12-15,1.0863509827204743
2011-12-16,1.0863509827204743
2011-12-19,1.0863509827204743
2011-12-20,1.0863509827204743
2011-12-21,1.0863509827204743
2011-12-22,1.0879936404364594
2011-12-23,1.086090748892921
2011-12-27,1.0876032960948177
2011-12-28,1.0891690010385144
2011-12-29,1.0873507519338204
2011-12-30,1.095102213988448
2012-01-03,1.0940792471320742
2012-01-04,1.093513482885882
2012-01-05,1.0932820808530648
2012-01-06,1.0933241073617763
2012-01-09,1.098601468697448
2012-01-10,1.0953426033991733
2012-01-11,1.0980584278859613
2012-01-12,1.0959348875451633
2012-01-13,1.0993111923624643
2012-01-17,1.1010425430124533
2012-01-18,1.1039882178253528
2012-01-19,1.0958894761294597
2012-01-20,1.0966180835460602
2012-01-23,1.0928619678520317
2012-01-24,1.1050898069204396
2012-01-25,1.1050988197888556
2012-01-26,1.1001281041720203
2012-01-27,1.0931999405095398
2012-01-30,1.0976027707628129
2012-01-31,1.1049565828710353
2012-02-01,1.1067055260703735
2012-02-02,1.1150836332316107
2012-02-03,1.107515058769648
2012-02-06,1.107708222642233
2012-02-07,1.1085587617688242
2012-02-08,1.1130232240606435
2012-02-09,1.10239722680126
2012-02-10,1.1159191937707607
2012-02-13,1.1152501946944233
2012-02-14,1.122038911883636
2012-02-15,1.1141772636379488
2012-02-16,1.1137325865245866
2012-02-17,1.1144397475597945
2012-02-21,1.1117178062858593
2012-02-22,1.1088317388810127
2012-02-23,1.1133239196720222
2012-02-24,1.1117993326619984
2012-02-27,1.1151608739536956
2012-02-28,1.1191083496892504
2012-02-29,1.1261732012345358
2012-03-01,1.124371984830232
2012-03-02,1.1194217760777407
2012-03-05,1.101977057759279
2012-03-06,1.1082504026504139
2012-03-07,1.114703010190691
2012-03-08,1.1180577764745303
2012-03-09,1.117029116001382
2012-03-12,1.1269870521267131
2012-03-13,1.1300997981248337
2012-03-14,1.1370800229725657
2012-03-15,1.1377250143619402
2012-03-16,1.1395508389985352
2012-03-19,1.1331142310212428
2012-03-20,1.1378046010477654
2012-03-21,1.1316968383068855
2012-03-22,1.129691209413496
2012-03-23,1.1391310824427494
2012-03-26,1.1393216741567382
2012-03-27,1.1397904317169343
2012-03-28,1.1339874754288415
2012-03-29,1.1405282641405712
2012-03-30,1.1409611175216756
2012-04-02,1.139992927695041
2012-04-03,1.1194544427189015
2012-04-04,1.1164211017887817
2012-04-05,1.1011275653426933
2012-04-09,1.1003582789507913
2012-04-10,1.1003582789507913
2012-04-11,1.1003582789507913
2012-04-12,1.1003582789507913
2012-04-13,1.1050702170028481
2012-04-16,1.110316503670077
2012-04-17,1.104390950186247
2012-04-18,1.103175531168465
2012-04-19,1.1084977121675885
2012-04-20,1.0994827618345222
2012-04-23,1.1002896557282376
2012-04-24,1.1066558572112382
2012-04-25,1.107445704730309
2012-04-26,1.107512776741189
2012-04-27,1.1047042445157893
2012-04-30,1.1042618025114332
2012-05-01,1.1000532495216215
2012-05-02,1.1003290957591503
2012-05-03,1.094277253937496
2012-05-04,1.091733597029013
2012-05-07,1.0872802930568028
2012-05-08,1.0811159815033982
2012-05-09,1.089925375075534
2012-05-10,1.084821465702302
2012-05-11,1.077337887430987
2012-05-14,1.0790931538236677
2012-05-15,1.0818428714363781
2012-05-16,1.082915952170074
2012-05-17,1.0837313436418186
2012-05-18,1.0832055478694267
2012-05-21,1.0830508957612188
2012-05-22,1.080662719824885
2012-05-23,1.0815468005601232
2012-05-24,1.081069826598751
2012-05-25,1.0869181891658457
2012-05-29,1.0782549548457698
2012-05-30,1.0785537526220796
2012-05-31,1.0706536604192305
2012-06-01,1.0715636564954554
2012-06-04,1.07034162495253
2012-06-05,1.073347405066857
2012-06-06,1.0765072787632517
2012-06-07,1.0740782191412412
2012-06-08,1.0764287458971098
2012-06-11,1.0781696199624462
2012-06-12,1.077122425481958
2012-06-13,1.0775420867803551
2012-06-14,1.0785306799929224
2012-06-15,1.0774463142628399
2012-06-18,1.0791310098453595
2012-06-19,1.0845414224218546
2012-06-20,1.084756346416516
2012-06-21,1.0870546756039716
2012-06-22,1.0811872714177482
2012-06-25,1.0783089726215447
2012-06-26,1.0801936099948721
2012-06-27,1.077271665799678
2012-06-28,1.0878684836820876
2012-06-29,1.0898435722191115
2012-07-02,1.089776413313901
2012-07-03,1.0863692527248467
2012-07-05,1.081107176844208
2012-07-06,1.079419126022231
2012-07-09,1.0798508094882853
2012-07-10,1.079702746045543
2012-07-11,1.0766182783965013
2012-07-12,1.0783993202819042
2012-07-13,1.0782788252531728
2012-07-16,1.077332034477797
2012-07-17,1.0704415048338947
2012-07-18,1.0763148887209808
2012-07-19,1.0760627730793937
2012-07-20,1.063704422776205
2012-07-23,1.0646539458024094
2012-07-24,1.059228847827106
2012-07-25,1.0651644349207956
2012-07-26,1.0699236850344622
2012-07-27,1.070521173710023
2012-07-30,1.0724779633897177
2012-07-31,1.0749760080053299
2012-08-01,1.069247256968474
2012-08-02,1.07853906614301
2012-08-03,1.0798912752925272
2012-08-06,1.080771603074723
2012-08-07,1.0779093607854882
2012-08-08,1.0765824175852552
2012-08-09,1.075990869961558
2012-08-10,1.0760465944932733
2012-08-13,1.0795150765074824
2012-08-14,1.0784271508956538
2012-08-15,1.0812276095312736
2012-08-16,1.0841154013980299
2012-08-17,1.083385471441414
2012-08-20,1.0850595352919938
2012-08-21,1.0809934756056152
2012-08-22,1.0781727770055478
2012-08-23,1.0769575720844986
2012-08-24,1.079243945871016
2012-08-27,1.0770683690932923
2012-08-28,1.077058411470526
2012-08-29,1.0738497074563802
2012-08-30,1.0790049773640191
2012-08-31,1.0744015141218726
2012-09-04,1.071766797462737
2012-09-05,1.0761628419093967
2012-09-06,1.075635699846309
2012-09-07,1.0749647562002345
2012-09-10,1.0749130873009927
2012-09-11,1.0774621115977134
2012-09-12,1.0792558623866488
2012-09-13,1.0828453892322047
2012-09-14,1.083228559237201
2012-09-17,1.0807090356727604
2012-09-18,1.078657950039027
2012-09-19,1.0735041789361415
2012-09-20,1.076453213581185
2012-09-21,1.0705575774721114
2012-09-24,1.0714653893049089
2012-09-25,1.0700581251962622
2012-09-26,1.0721030171100037
2012-09-27,1.069440356447049
2012-09-28,1.0712565966358087
2012-10-01,1.073573336018098
2012-10-02,1.0746634000969908
2012-10-03,1.074555861124756
2012-10-04,1.0766066918804935
2012-10-05,1.0709761550798371
2012-10-08,1.0701722346642877
2012-10-09,1.0700245310646161
2012-10-10,1.0732800276067949
2012-10-11,1.0741085589175368
2012-10-12,1.0748817962888
2012-10-15,1.0752715721219048
2012-10-16,1.0738689422338175
2012-10-17,1.0719013884545654
2012-10-18,1.0695837024822041
2012-10-19,1.0699995543971919
2012-10-22,1.0672938202909532
2012-10-23,1.0708978338052226
2012-10-24,1.0715945631619868
2012-10-25,1.0714895155453563
2012-10-26,1.0696547309604034
2012-10-31,1.0713280996754286
2012-11-01,1.0719698176669739
2012-11-02,1.0723762994397104
2012-11-05,1.069465095143953
2012-11-06,1.065133897045899
2012-11-07,1.06345643502515
2012-11-08,1.061421338366082
2012-11-09,1.0621574362265531
2012-11-12,1.0610818631903423
2012-11-13,1.0626309531177736
2012-11-14,1.0626309531177736
2012-11-15,1.0626309531177736
2012-11-16,1.0626309531177736
2012-11-19,1.0614124125828945
2012-11-20,1.0596140821711484
2012-11-21,1.0640826047758558
2012-11-23,1.0636750021885053
2012-11-26,1.0645282274741101
2012-11-27,1.0629692712530867
2012-11-28,1.0653067948218526
2012-11-29,1.064651175931777
2012-11-30,1.0669533638232729
2012-12-03,1.0647748940855055
2012-12-04,1.0659278537467949
2012-12-05,1.0662378341840322
2012-12-06,1.0665336227921236
2012-12-07,1.066962657084066
2012-12-10,1.0697208292721205
2012-12-11,1.071956115413034
2012-12-12,1.0757732250473335
2012-12-13,1.0768341662877838
2012-12-14,1.076886889843586
2012-12-17,1.0758052548773362
2012-12-18,1.0767551386088643
2012-12-19,1.0767064611663872
2012-12-20,1.0649334218107889
2012-12-21,1.0629398515307587
2012-12-24,1.0617313443714367
2012-12-26,1.0614368875186513
2012-12-27,1.0614368875186513
2012-12-28,1.0614368875186513
2012-12-31,1.0772442907030657
2013-01-02,1.0779480719965677
2013-01-03,1.0795538888726341
2013-01-04,1.080773934282266
2013-01-07,1.080620312004983
2013-01-08,1.0831279290927662
2013-01-09,1.0876455614441691
2013-01-10,1.0880720275806273
2013-01-11,1.0852817482340202
2013-01-14,1.0809208786001194
2013-01-15,1.0799552869720341
2013-01-16,1.081855573838103
2013-01-17,1.0814650450944892
2013-01-18,1.0808560083765009
2013-01-22,1.087557627207223
2013-01-23,1.081310825982543
2013-01-24,1.0810736879010077
2013-01-25,1.0809353215761455
2013-01-28,1.081012954260332
2013-01-29,1.0804635213596896
2013-01-30,1.0820386876788657
2013-01-31,1.0874595048160096
2013-02-01,1.0834393242051261
2013-02-04,1.0854555550994045
2013-02-05,1.0824886801550848
2013-02-06,1.082984689970411
2013-02-07,1.084510534494223
2013-02-08,1.0811403999894842
2013-02-11,1.0797866822994817
2013-02-12,1.0821377072255267
2013-02-13,1.0806774317426633
2013-02-14,1.081096888742116
2013-02-15,1.0825927783234657
2013-02-19,1.0832582895579113
2013-02-20,1.075854102239663
2013-02-21,1.0794774649245014
2013-02-22,1.0811091980067067
2013-02-25,1.0814256642204831
2013-02-26,1.083075342711106
2013-02-27,1.086927758617393
2013-02-28,1.0841560535339925
2013-03-01,1.0806284175526797
2013-03-04,1.0867825357640948
2013-03-05,1.0896922405610012
2013-03-06,1.0923272165135027
2013-03-07,1.0938661655805326
2013-03-08,1.0921910498402196
2013-03-11,1.090587130264865
2013-03-12,1.0914889309507223
2013-03-13,1.09403314068258
2013-03-14,1.0922852306594508
2013-03-15,1.0824296003254523
2013-03-18,1.0846646722952014
2013-03-19,1.0895534004679304
2013-03-20,1.085527120448729
2013-03-21,1.0958701450318888
2013-03-22,1.0981208282944541
2013-03-25,1.1008820905642023
2013-03-26,1.0979924312279723
2013-03-27,1.0982215298611027
2013-03-28,1.1107601648714949
2013-04-01,1.113507808024308
2013-04-02,1.1148351198374336
2013-04-03,1.1148627411839003
2013-04-04,1.1054701980244055
2013-04-05,1.1029044984348388
2013-04-08,1.1015000577319893
2013-04-09,1.1047030114776963
2013-04-10,1.0988143477366854
2013-04-11,1.0975237660396793
2013-04-12,1.0918466011691745
2013-04-15,1.0974876625715135
2013-04-16,1.08938909464285
2013-04-17,1.0913337181683875
2013-04-18,1.094682404186988
2013-04-19,1.095377124713302
2013-04-22,1.0980581080502794
2013-04-23,1.0974937330472923
2013-04-24,1.0976444609179394
2013-04-25,1.0983770853742953
2013-04-26,1.1007699256678811
2013-04-29,1.1043243369364069
2013-04-30,1.1083240502929765
2013-05-01,1.1105173679887708
2013-05-02,1.1196942464079227
2013-05-03,1.1249822387862056
2013-05-06,1.1301956528044628
2013-05-07,1.1334400393390505
2013-05-08,1.1592738617634923
2013-05-09,1.1614458082119254
2013-05-10,1.1589474657934165
2013-05-13,1.164708980862993
2013-05-14,1.165249219167941
2013-05-15,1.1525685123524536
2013-05-16,1.1525685123524536
2013-05-17,1.1525685123524536
2013-05-20,1.1539227432557861
2013-05-21,1.1528108728383977
2013-05-22,1.1403898899966873
2013-05-23,1.135634754759928
2013-05-24,1.1437343882891666
2013-05-28,1.1393344007031592
2013-05-29,1.144326473672827
2013-05-30,1.141080741269284
2013-05-31,1.1416814089131493
2013-06-03,1.1420820967559315
2013-06-04,1.1402745242505345
2013-06-05,1.1412105319462202
2013-06-06,1.1483232223564324
2013-06-07,1.148965416545159
2013-06-10,1.140376217702882
2013-06-11,1.1463976092728154
2013-06-12,1.1442626950755237
2013-06-13,1.1465604434709151
2013-06-14,1.1598362885063418
2013-06-17,1.1635214398947105
2013-06-18,1.1657864932663666
2013-06-19,1.1536633052059182
2013-06-20,1.1618735389709254
2013-06-21,1.1578807312028099
2013-06-24,1.1663000579257217
2013-06-25,1.1751310861274396
2013-06-26,1.1821992416647749
2013-06-27,1.1806564611633006
2013-06-28,1.1909107634019285
2013-07-01,1.1914025890675601
2013-07-02,1.189001686529413
2013-07-03,1.1976583333639506
2013-07-05,1.1995708706103596
2013-07-08,1.2071237612737993
2013-07-09,1.2044626381674635
2013-07-10,1.2191027319944179
2013-07-11,1.2191720508247206
2013-07-12,1.2236126230995286
2013-07-15,1.2247270080185235
2013-07-16,1.2267213059365807
2013-07-17,1.2278645660012346
2013-07-18,1.1932966911064633
2013-07-19,1.1932966911064633
2013-07-22,1.1964055464126229
2013-07-23,1.2000388158554318
2013-07-24,1.2281196960355198
2013-07-25,1.2224634100243246
2013-07-26,1.2219002375554613
2013-07-29,1.2237955779753715
2013-07-30,1.2246946140331239
2013-07-31,1.2279320860489287
2013-08-01,1.22703299259821
2013-08-02,1.225396921114696
2013-08-05,1.224784495936231
2013-08-06,1.222460727598827
2013-08-07,1.2252385319384644
2013-08-08,1.2167378206638826
2013-08-09,1.209235589487587
2013-08-12,1.214151691281587
2013-08-13,1.2122014715270093
2013-08-14,1.1999900441861764
2013-08-15,1.2017153727596595
2013-08-16,1.2028471850301248
2013-08-19,1.2077586939802565
2013-08-20,1.2070751701685678
2013-08-21,1.2110066578953385
2013-08-22,1.2258971765149496
2013-08-23,1.2301580342795668
2013-08-26,1.2197145935530807
2013-08-27,1.227778173892574
2013-08-28,1.2271874825450046
2013-08-29,1.2297215629769858
2013-08-30,1.2428028360665933
2013-09-03,1.2562372583380557
2013-09-04,1.2566484407990335
2013-09-05,1.2642865467103963
2013-09-06,1.2691664282584172
2013-09-09,1.2757230543338054
2013-09-10,1.264919771936009
2013-09-11,1.2640725910286006
2013-09-12,1.2614817256354036
2013-09-13,1.2726801694186076
2013-09-16,1.2759035286604876
2013-09-17,1.2749259396467925
2013-09-18,1.285208874913879
2013-09-19,1.2886843950797495
2013-09-20,1.2980897186087463
2013-09-23,1.3011413727406407
2013-09-24,1.3037734003702606
2013-09-25,1.311817075232681
2013-09-26,1.307307683394842
2013-09-27,1.2914461858385868
2013-09-30,1.2928369833569182
2013-10-01,1.2832449709841787
2013-10-02,1.284083925032875
2013-10-03,1.2868159446188527
2013-10-04,1.2844708502240807
2013-10-07,1.2878147079696427
2013-10-08,1.2942852152703463
2013-10-09,1.3132359367658275
2013-10-10,1.3065319599997591
2013-10-11,1.2960399322151377
2013-10-14,1.3031656221226784
2013-10-15,1.3117253564646845
2013-10-16,1.3079589400354266
2013-10-17,1.3138952521271599
2013-10-18,1.3138952521271599
2013-10-21,1.31450141392111
2013-10-22,1.3033479737308182
2013-10-23,1.304433789671006
2013-10-24,1.3144016563268466
2013-10-25,1.313037311446714
2013-10-28,1.3198255982034066
2013-10-29,1.3241997044613112
2013-10-30,1.3157599251353118
2013-10-31,1.3243382138771405
2013-11-01,1.328103107401191
2013-11-04,1.3250244910528177
2013-11-05,1.3128207908892175
2013-11-06,1.3128207908892175
2013-11-07,1.3128207908892175
2013-11-08,1.3128207908892175
2013-11-11,1.3102065578555138
2013-11-12,1.302637859160617
2013-11-13,1.3003280052329607
2013-11-14,1.3003280052329607
2013-11-15,1.3003280052329607
2013-11-18,1.3018787235642413
2013-11-19,1.304076940524247
2013-11-20,1.3101285104449845
2013-11-21,1.3104069597445926
2013-11-22,1.3166382997037689
2013-11-25,1.3167226702118033
2013-11-26,1.3205856146360104
2013-11-27,1.3270239498278693
2013-11-29,1.3295227233881908
2013-12-02,1.3284456720251268
2013-12-03,1.3222778507618205
2013-12-04,1.3253448617591788
2013-12-05,1.3334303797166496
2013-12-06,1.3377051991996043
2013-12-09,1.3342035623650559
2013-12-10,1.332173275546429
2013-12-11,1.3375061210811776
2013-12-12,1.3409742713408315
2013-12-13,1.352395596617685
2013-12-16,1.3548655267999155
2013-12-17,1.3500643746975673
2013-12-18,1.3432547795914316
2013-12-19,1.3448769781962597
2013-12-20,1.3516691584192342
2013-12-23,1.3611348835722505
2013-12-24,1.3674736275869601
2013-12-26,1.3698005355828191
2013-12-27,1.3671848766370307
2013-12-30,1.3693016013309485
2013-12-31,1.3638803619703672
2014-01-02,1.362779259704408
2014-01-03,1.3639806350326722
2014-01-06,1.3724871852569964
2014-01-07,1.3875526263268185
2014-01-08,1.389867736866456
2014-01-09,1.394249134794157
2014-01-10,1.3928212988693751
2014-01-13,1.3979463007829505
2014-01-14,1.4095577677208657
2014-01-15,1.409054708723058
2014-01-16,1.3976034058803335
2014-01-17,1.4084187772636896
2014-01-21,1.3994067068180975
2014-01-22,1.3994067068180975
2014-01-23,1.3994067068180975
2014-01-24,1.3994067068180975
2014-01-27,1.3919081379241098
2014-01-28,1.383053932223156
2014-01-29,1.4143244176439513
2014-01-30,1.4127020829178334
2014-01-31,1.4137254383903461
2014-02-03,1.418983917784688
2014-02-04,1.4174761821162554
2014-02-05,1.420067439299189
2014-02-06,1.4250157976154258
2014-02-07,1.4267694878669641
2014-02-10,1.4289566679273333
2014-02-11,1.430668593029598
2014-02-12,1.4280151541602442
2014-02-13,1.4205501111205687
2014-02-14,1.428226250997399
2014-02-18,1.4262551743023346
2014-02-19,1.4411008432457302
2014-02-20,1.4451643439878068
2014-02-21,1.443252757484795
2014-02-24,1.451523191236164
2014-02-25,1.4604638926239886
2014-02-26,1.46238196054002
2014-02-27,1.4600467620584454
2014-02-28,1.4421176707079018
2014-03-03,1.4586845145187717
2014-03-04,1.4622016752576348
2014-03-05,1.4677822800584317
2014-03-06,1.4723589219291153
2014-03-07,1.473489083703374
2014-03-10,1.4770143264677749
2014-03-11,1.4710503662267151
2014-03-12,1.4761292949945652
2014-03-13,1.468654628638823
2014-03-14,1.478326977244128
2014-03-17,1.4823392609861326
2014-03-18,1.4837761485288268
2014-03-19,1.4779216847612053
2014-03-20,1.4855661206797541
2014-03-21,1.4901288955148322
2014-03-24,1.5023673433568578
2014-03-25,1.5089933485788976
2014-03-26,1.504655751621126
2014-03-27,1.5108333724122067
2014-03-28,1.5240214327443584
2014-03-31,1.5336434734167277
2014-04-01,1.5388710938088828
2014-04-02,1.5392105867883703
2014-04-03,1.5473752710921405
2014-04-04,1.537466699335487
2014-04-07,1.5434201714971034
2014-04-08,1.547022355318706
2014-04-09,1.5468329015964206
2014-04-10,1.5382811048934815
2014-04-11,1.5422473484280124
2014-04-14,1.544092511372454
2014-04-15,1.5488376918097684
2014-04-16,1.551177523087704
2014-04-17,1.5484444658163752
2014-04-21,1.5471364993281713
2014-04-22,1.5443601733718442
2014-04-23,1.5491449942121152
2014-04-24,1.537026529829237
2014-04-25,1.541517832803079
2014-04-28,1.5446109616742938
2014-04-29,1.5396350641482284
2014-04-30,1.5418806162098833
2014-05-01,1.5429030073436187
2014-05-02,1.5371855508849692
2014-05-05,1.5456999645970952
2014-05-06,1.5481193399278121
2014-05-07,1.5459675096942471
2014-05-08,1.5442526506322154
2014-05-09,1.5503843949708624
2014-05-12,1.548355365418543
2014-05-13,1.5446752774323504
2014-05-14,1.5415945912255689
2014-05-15,1.5416296991554348
2014-05-16,1.5421606904225789
2014-05-19,1.5422945156842895
2014-05-20,1.5470159201949947
2014-05-21,1.548979963213909
2014-05-22,1.5525994347684415
2014-05-23,1.560997132690888
2014-05-27,1.5603186315848874
2014-05-28,1.5652156900220073
2014-05-29,1.5639432292786133
2014-05-30,1.5653706658225097
2014-06-02,1.5599294889019126
2014-06-03,1.5548320449845627
2014-06-04,1.5582312300304044
2014-06-05,1.5652786365179974
2014-06-06,1.566016495571883
2014-06-09,1.566692010134249
2014-06-10,1.566629176208328
2014-06-11,1.5669392393679054
2014-06-12,1.576668481657123
2014-06-13,1.5741434660857734
2014-06-16,1.5720670392173433
2014-06-17,1.5734619175088338
2014-06-18,1.5717796827558301
2014-06-19,1.5711948944811027
2014-06-20,1.5682662025871277
2014-06-23,1.570517008079024
2014-06-24,1.5709178997904254
2014-06-25,1.5721234686956622
2014-06-26,1.571822644311747
2014-06-27,1.574064590837974
2014-06-30,1.5826474095910157
2014-07-01,1.5844398821755188
2014-07-02,1.5896099700622919
2014-07-03,1.5883833116720028
2014-07-07,1.581573568384846
2014-07-08,1.5835364219439465
2014-07-09,1.5544690477161225
2014-07-10,1.5579024738831455
2014-07-11,1.5715676147495543
2014-07-14,1.5725262912661127
2014-07-15,1.577435378303651
2014-07-16,1.5733091025642358
2014-07-17,1.5754619180600888
2014-07-18,1.5717014226142212
2014-07-21,1.5771704569803788
2014-07-22,1.5776173623053944
2014-07-23,1.5800546527015968
2014-07-24,1.5746109741536427
2014-07-25,1.5748598438702532
2014-07-28,1.5760304280560393
2014-07-29,1.5810994002492837
2014-07-30,1.5641530661651708
2014-07-31,1.5641330604399668
2014-08-01,1.5659482864979943
2014-08-04,1.559330498239456
2014-08-05,1.5530000234101402
2014-08-06,1.5590516934751337
2014-08-07,1.559342449128227
2014-08-08,1.5679295961997604
2014-08-11,1.563893280933454
2014-08-12,1.5699628195173776
2014-08-13,1.5711271148303447
2014-08-14,1.5774566728055925
2014-08-15,1.584000106354072
2014-08-18,1.5866331477850244
2014-08-19,1.583081698906933
2014-08-20,1.5814188902210604
2014-08-21,1.5805749975154293
2014-08-22,1.5881267434968895
2014-08-25,1.5901739229605674
2014-08-26,1.5900816206488282
2014-08-27,1.5816465882578417
2014-08-28,1.5888671544842612
2014-08-29,1.592924191966406
2014-09-02,1.5962236702509798
2014-09-03,1.5984785910816472
2014-09-04,1.5982798599084815
2014-09-05,1.5988429643686217
2014-09-08,1.5986326018028347
2014-09-09,1.5982423134971486
2014-09-10,1.5886553096399214
2014-09-11,1.5862541868682665
2014-09-12,1.5851357021863146
2014-09-15,1.5851357021863146
2014-09-16,1.5853563867121399
2014-09-17,1.5920697960488417
2014-09-18,1.592495979118713
2014-09-19,1.5875159915261845
2014-09-22,1.5780174491747536
2014-09-23,1.5816401027260378
2014-09-24,1.5754613906039279
2014-09-25,1.5782020651898228
2014-09-26,1.563822116653708
2014-09-29,1.565010348574682
2014-09-30,1.5626686869982984
2014-10-01,1.5669283187255785
2014-10-02,1.5747787649377176
2014-10-03,1.58050360966086
2014-10-06,1.572459287268329
2014-10-07,1.5703595157891104
2014-10-08,1.570701082817942
2014-10-09,1.5529535685645213
2014-10-10,1.555461945467283
2014-10-13,1.555461945467283
2014-10-14,1.555461945467283
2014-10-15,1.555461945467283
2014-10-16,1.555461945467283
2014-10-17,1.555461945467283
2014-10-20,1.559135237826526
2014-10-21,1.5578436715473452
2014-10-22,1.5621265314544688
2014-10-23,1.5634235320036356
2014-10-24,1.5621638867409058
2014-10-27,1.5625323883940168
2014-10-28,1.5612200907193619
2014-10-29,1.5605686761108455
2014-10-30,1.5661281380189085
2014-10-31,1.5681040759101266
2014-11-03,1.5672440078089545
2014-11-04,1.56939174581152
2014-11-05,1.569696030066315
2014-11-06,1.5696628074082783
2014-11-07,1.569641472740715
2014-11-10,1.5675610637220356
2014-11-11,1.558690926714937
2014-11-12,1.562685116234674
2014-11-13,1.562986229147313
2014-11-14,1.5547414768547534
2014-11-17,1.5545410269883537
2014-11-18,1.5511682648874126
2014-11-19,1.5461773864361605
2014-11-20,1.5617009156455066
2014-11-21,1.5633304920158704
2014-11-24,1.5657150725695321
2014-11-25,1.565377223734684
2014-11-26,1.5674816347663252
2014-11-28,1.5605858014307599
2014-12-01,1.557138041162656
2014-12-02,1.5615405220533016
2014-12-03,1.5609135081063201
2014-12-04,1.5622523388931202
2014-12-05,1.559231553118729
2014-12-08,1.5417290236683487
2014-12-09,1.5387115235047726
2014-12-10,1.541348377762219
2014-12-11,1.5321339139708525
2014-12-12,1.5408129106668238
2014-12-15,1.5294703239646088
2014-12-16,1.5325039633680841
2014-12-17,1.547103443706304
2014-12-18,1.55431409503897
2014-12-19,1.5556486030399521
2014-12-22,1.5584036033100332
2014-12-23,1.559953377213787
2014-12-24,1.5623655463245643
2014-12-26,1.5645443998119837
2014-12-29,1.5615970101901027
2014-12-30,1.5622421909483815
2014-12-31,1.5679718407880086
2015-01-02,1.563219255447984
2015-01-05,1.561636183806106
2015-01-06,1.568790233175438
2015-01-07,1.5781627038099055
2015-01-08,1.578031503856671
2015-01-09,1.571830392041179
2015-01-12,1.5749221588432516
2015-01-13,1.567676518027047
2015-01-14,1.580430992320731
2015-01-15,1.578341415954883
2015-01-16,1.5812284664183536
2015-01-20,1.5770626157843903
2015-01-21,1.5810370211313851
2015-01-22,1.5813747767980901
2015-01-23,1.5795360637543423
2015-01-26,1.5702778047777965
2015-01-27,1.573706493293445
2015-01-28,1.5730889341834444
2015-01-29,1.5711950106634462
2015-01-30,1.5720483178457165
2015-02-02,1.5724646696991345
2015-02-03,1.5712809606587193
2015-02-04,1.5715657665733707
2015-02-05,1.5718686009091263
2015-02-06,1.5689982235071223
2015-02-09,1.571771794273037
2015-02-10,1.5711876681306862
2015-02-11,1.573989332561846
2015-02-12,1.5751513027198871
2015-02-13,1.574118699836767
2015-02-17,1.5736656775840723
2015-02-18,1.5733869045871525
2015-02-19,1.57478816134863
2015-02-20,1.5747962746545776
2015-02-23,1.5756093095983106
2015-02-24,1.5753516235883995
2015-02-25,1.5760191523867928
2015-02-26,1.575409437084898
2015-02-27,1.576816925351959
2015-03-02,1.5752179543925393
2015-03-03,1.573426481162787
2015-03-04,1.5753375640180467
2015-03-05,1.5755001400000828
2015-03-06,1.5732589523579819
2015-03-09,1.5646297701605993
2015-03-10,1.5678658394463063
2015-03-11,1.5671532128976144
2015-03-12,1.5654743688079904
2015-03-13,1.5677591034371237
2015-03-16,1.5659696857812817
2015-03-17,1.566253429956679
2015-03-18,1.568083554737884
2015-03-19,1.5741528410207257
2015-03-20,1.571735337752792
2015-03-23,1.5710823455622143
2015-03-24,1.5706698449996679
2015-03-25,1.5664277942214613
2015-03-26,1.5650268448046953
2015-03-27,1.5650268448046953
2015-03-30,1.5614983667553843
2015-03-31,1.5614812028226217
2015-04-01,1.5666247815673333
2015-04-02,1.5568249815881745
2015-04-06,1.558017993799858
2015-04-07,1.5561991403130206
2015-04-08,1.555710046718677
2015-04-09,1.5570072978377265
2015-04-10,1.558752716121313
2015-04-13,1.5578042354577697
2015-04-14,1.5589496651172632
2015-04-15,1.5561858944284164
2015-04-16,1.550078323815629
2015-04-17,1.55454568831704
2015-04-20,1.5611106139873219
2015-04-21,1.563716840780659
2015-04-22,1.5563321962304295
2015-04-23,1.5638498385439987
2015-04-24,1.5681691499307593
2015-04-27,1.5682659468987457
2015-04-28,1.560252609319572
2015-04-29,1.552753740321278
2015-04-30,1.5593846638437583
2015-05-01,1.5596137641852263
2015-05-04,1.5596014960927966
2015-05-05,1.5640992920400874
2015-05-06,1.5675669202563398
2015-05-07,1.5734909139165456
2015-05-08,1.5731566677206457
2015-05-11,1.56763220380387
2015-05-12,1.5727655123084698
2015-05-13,1.5787072724866014
2015-05-14,1.5806826553854574
2015-05-15,1.5773689028677464
2015-05-18,1.5797086718127542
2015-05-19,1.5791753305616536
2015-05-20,1.576192893066862
2015-05-21,1.5761836693575402
2015-05-22,1.5754042675851105
2015-05-26,1.5796611139704144
2015-05-27,1.5766584547007685
2015-05-28,1.5718590400082924
2015-05-29,1.5729485865596682
2015-06-01,1.5674652269142013
2015-06-02,1.5747563498687274
2015-06-03,1.5668922239162772
2015-06-04,1.5646291682751488
2015-06-05,1.5652379423198683
2015-06-08,1.563004782866529
2015-06-09,1.5612744756360744
2015-06-10,1.5656496088427945
2015-06-11,1.559882167502981
2015-06-12,1.5485404035417918
2015-06-15,1.546753827681153
2015-06-16,1.5467758678262657
2015-06-17,1.5499923445461812
2015-06-18,1.5488809057873458
2015-06-19,1.556709729350861
2015-06-22,1.558709855033361
2015-06-23,1.5567652340640223
2015-06-24,1.5620781329657536
2015-06-25,1.5597763921919758
2015-06-26,1.5418401846370229
2015-06-29,1.5523849677746449
2015-06-30,1.5634272770556668
2015-07-01,1.5711839446565894
2015-07-02,1.5631659723512337
2015-07-06,1.5594602416657646
2015-07-07,1.5427784422843487
2015-07-08,1.5531360760816273
2015-07-09,1.5649617963305005
2015-07-10,1.5748775158664357
2015-07-13,1.575697782277238
2015-07-14,1.5755565566838998
2015-07-15,1.5823252159444563
2015-07-16,1.5890571523529984
2015-07-17,1.5918150040832366
2015-07-20,1.5855599644152873
2015-07-21,1.567968667544756
2015-07-22,1.5706170411208786
2015-07-23,1.5716858907078872
2015-07-24,1.5683503396144032
2015-07-27,1.5701903647937345
2015-07-28,1.5704877551134222
2015-07-29,1.566362587202465
2015-07-30,1.5677826129719388
2015-07-31,1.5701661012745214
2015-08-03,1.5693940447773724
2015-08-04,1.5709343952128785
2015-08-05,1.5716802200054332
2015-08-06,1.567463336629696
2015-08-07,1.570176412758656
2015-08-10,1.5654426152278165
2015-08-11,1.5601304617623435
2015-08-12,1.5610301380662053
2015-08-13,1.55956799042853
2015-08-14,1.557125365596168
2015-08-17,1.5559180416737277
2015-08-18,1.5521056463139238
2015-08-19,1.5428214968657592
2015-08-20,1.5428214968657592
2015-08-21,1.5428214968657592
2015-08-24,1.5428214968657592
2015-08-25,1.5428214968657592
2015-08-26,1.5428214968657592
2015-08-27,1.5428214968657592
2015-08-28,1.5428214968657592
2015-08-31,1.5428214968657592
2015-09-01,1.5428214968657592
2015-09-02,1.5428214968657592
2015-09-03,1.5428214968657592
2015-09-04,1.5428214968657592
2015-09-08,1.5428214968657592
2015-09-09,1.5428214968657592
2015-09-10,1.5428214968657592
2015-09-11,1.5428214968657592
2015-09-14,1.5428214968657592
2015-09-15,1.5428214968657592
2015-09-16,1.5428214968657592
2015-09-17,1.5428214968657592
2015-09-18,1.5428214968657592
2015-09-21,1.5428214968657592
2015-09-22,1.5428214968657592
2015-09-23,1.5428214968657592
2015-09-24,1.5428214968657592
2015-09-25,1.5428214968657592
2015-09-28,1.5428214968657592
2015-09-29,1.5428214968657592
2015-09-30,1.5428214968657592
2015-10-01,1.5428214968657592
2015-10-02,1.5428214968657592
2015-10-05,1.5428214968657592
2015-10-06,1.5428214968657592
2015-10-07,1.5428214968657592
2015-10-08,1.5428214968657592
2015-10-09,1.5428214968657592
2015-10-12,1.5428214968657592
2015-10-13,1.5428214968657592
2015-10-14,1.5428214968657592
2015-10-15,1.5428214968657592
2015-10-16,1.5428214968657592
2015-10-19,1.5428214968657592
2015-10-20,1.5428214968657592
2015-10-21,1.5428214968657592
2015-10-22,1.551666948653176
2015-10-23,1.5497222492695515
2015-10-26,1.545291283321645
2015-10-27,1.5460968271343596
2015-10-28,1.540924746419031
2015-10-29,1.5418420282124896
2015-10-30,1.542070030686334
2015-11-02,1.5384721540555673
2015-11-03,1.5414190662218157
2015-11-04,1.5405890627917604
2015-11-05,1.5365321853224647
2015-11-06,1.533189570008551
2015-11-09,1.5277880514408329
2015-11-10,1.5291720995452158
2015-11-11,1.5250552745334207
2015-11-12,1.5250552745334207
2015-11-13,1.5250552745334207
2015-11-16,1.5260948826012113
2015-11-17,1.5263134195114456
2015-11-18,1.5293469576033065
2015-11-19,1.533535487923787
2015-11-20,1.5342108810544095
2015-11-23,1.5305160028699174
2015-11-24,1.532906490125565
2015-11-25,1.5316558024717224
2015-11-27,1.5333270437795872
2015-11-30,1.5367607770953728
2015-12-01,1.5345737206754093
2015-12-02,1.5352389197482945
2015-12-03,1.5348628447135457
2015-12-04,1.5334819031932796
2015-12-07,1.5195969364957853
2015-12-08,1.513238569156979
2015-12-09,1.516606685981446
2015-12-10,1.5004793617336345
2015-12-11,1.5004793617336345
2015-12-14,1.5004793617336345
2015-12-15,1.5004793617336345
2015-12-16,1.5028249968586957
2015-12-17,1.5028249968586957
2015-12-18,1.5028249968586957
2015-12-21,1.5028249968586957
2015-12-22,1.5028249968586957
2015-12-23,1.5052257527406712
2015-12-24,1.5022208955102379
2015-12-28,1.5074726156364677
2015-12-29,1.5047658613585568
2015-12-30,1.5013758979158585
2015-12-31,1.5013758979158585
2016-01-04,1.5013758979158585
2016-01-05,1.5013758979158585
2016-01-06,1.5013758979158585
2016-01-07,1.5013758979158585
2016-01-08,1.5013758979158585
2016-01-11,1.5013758979158585
2016-01-12,1.5013758979158585
2016-01-13,1.5013758979158585
2016-01-14,1.5013758979158585
2016-01-15,1.5013758979158585
2016-01-19,1.5013758979158585
2016-01-20,1.5013758979158585
2016-01-21,1.5013758979158585
2016-01-22,1.5013758979158585
2016-01-25,1.5013758979158585
2016-01-26,1.5013758979158585
2016-01-27,1.5013758979158585
2016-01-28,1.5013758979158585
2016-01-29,1.5013758979158585
2016-02-01,1.5013758979158585
2016-02-02,1.5013758979158585
2016-02-03,1.5013758979158585
2016-02-04,1.5013758979158585
2016-02-05,1.5013758979158585
2016-02-08,1.5013758979158585
2016-02-09,1.5013758979158585
2016-02-10,1.5013758979158585
2016-02-11,1.5013758979158585
2016-02-12,1.5013758979158585
2016-02-16,1.5013758979158585
2016-02-17,1.5013758979158585
2016-02-18,1.5013758979158585
2016-02-19,1.5013758979158585
2016-02-22,1.5013758979158585
2016-02-23,1.5013758979158585
2016-02-24,1.5013758979158585
2016-02-25,1.5013758979158585
2016-02-26,1.5013758979158585
2016-02-29,1.5013758979158585
2016-03-01,1.5013758979158585
2016-03-02,1.5013758979158585
2016-03-03,1.5013758979158585
2016-03-04,1.5013758979158585
2016-03-07,1.5013758979158585
2016-03-08,1.5013758979158585
2016-03-09,1.5013758979158585
2016-03-10,1.5013758979158585
2016-03-11,1.4977135740743506
2016-03-14,1.4891278155801444
2016-03-15,1.4854841734711985
2016-03-16,1.4822463483071648
2016-03-17,1.4870051167471687
2016-03-18,1.4851094734296983
2016-03-21,1.4791059712192205
2016-03-22,1.4783699994266928
2016-03-23,1.471662543141455
2016-03-24,1.4722288304702054
2016-03-28,1.4712968398497883
2016-03-29,1.4800144851102768
2016-03-30,1.4789631490307715
2016-03-31,1.4789086731522816
2016-04-01,1.4840855249720935
2016-04-04,1.4652825301541552
2016-04-05,1.4589359693443638
2016-04-06,1.451848025134519
2016-04-07,1.4644205445770881
2016-04-08,1.4720682981215032
2016-04-11,1.4757749358394163
2016-04-12,1.481925455974047
2016-04-13,1.4764079340049894
2016-04-14,1.4745603389601654
2016-04-15,1.4681683990989387
2016-04-18,1.4715622066699192
2016-04-19,1.469637902110485
2016-04-20,1.4695761251837276
2016-04-21,1.4644558940254588
2016-04-22,1.4627496772227386
2016-04-25,1.46843738060089
2016-04-26,1.4615885042744798
2016-04-27,1.4543796335579868
2016-04-28,1.4511825869905794
2016-04-29,1.4531317661553487
2016-05-02,1.4433373613136646
2016-05-03,1.4395964740240372
2016-05-04,1.4425004125215584
2016-05-05,1.4403965844741287
2016-05-06,1.4411160325418904
2016-05-09,1.4430076442787623
2016-05-10,1.4425517281815907
2016-05-11,1.4438113824387602
2016-05-12,1.442177252972012
2016-05-13,1.442271565468667
2016-05-16,1.4434362062847972
2016-05-17,1.4421031019233355
2016-05-18,1.4380323769172814
2016-05-19,1.4413908332675751
2016-05-20,1.4480236000744735
2016-05-23,1.4506486993149803
2016-05-24,1.455252481962996
2016-05-25,1.4560806300511218
2016-05-26,1.4580743368362892
2016-05-27,1.4610240613889307
2016-05-31,1.457021789221744
2016-06-01,1.4530286575189069
2016-06-02,1.4498272266592076
2016-06-03,1.4527978453712622
2016-06-06,1.4587628173415434
2016-06-07,1.4637440486329079
2016-06-08,1.455383889151283
2016-06-09,1.4407588222861023
2016-06-10,1.429218002521081
2016-06-13,1.426583939369875
2016-06-14,1.430966147921397
2016-06-15,1.4266085895525171
2016-06-16,1.4266596426994065
2016-06-17,1.437926003219085
2016-06-20,1.4403839705307808
2016-06-21,1.4406409385497465
2016-06-22,1.4502642068160083
2016-06-23,1.398506677836363
2016-06-24,1.3928109977040914
2016-06-27,1.3928109977040914
2016-06-28,1.404141839660405
2016-06-29,1.4061985973843851
2016-06-30,1.40485439790001
2016-07-01,1.3972134221307448
2016-07-05,1.389059752466633
2016-07-06,1.3906103796730027
2016-07-07,1.39074132944625
2016-07-08,1.3987166014765844
2016-07-11,1.4031800021654544
2016-07-12,1.4053480978758024
2016-07-13,1.412308213236897
2016-07-14,1.414206578145119
2016-07-15,1.41857561952438
2016-07-18,1.4133438734703172
2016-07-19,1.4192094045829553
2016-07-20,1.418031193321018
2016-07-21,1.4190990902761544
2016-07-22,1.4273372941447933
2016-07-25,1.4305565798961088
2016-07-26,1.4359782916973527
2016-07-27,1.4337862220483755
2016-07-28,1.4359414736256395
2016-07-29,1.441488180735616
2016-08-01,1.438150157095454
2016-08-02,1.4328016857888874
2016-08-03,1.4368633294436794
2016-08-04,1.4471396011916988
2016-08-05,1.4491571969447616
2016-08-08,1.453285327173895
2016-08-09,1.448317233268311
2016-08-10,1.4505384675627802
2016-08-11,1.4492946596915153
2016-08-12,1.4536445383054077
2016-08-15,1.4502280521791857
2016-08-16,1.4484948115610348
2016-08-17,1.4482004272743054
2016-08-18,1.4505543222584791
2016-08-19,1.449926655959289
2016-08-22,1.4571780746730294
2016-08-23,1.4585360296501142
2016-08-24,1.4620392353823501
2016-08-25,1.4650814839543287
2016-08-26,1.46843250535523
2016-08-29,1.4664734718446941
2016-08-30,1.4651954959350335
2016-08-31,1.4608981151570644
2016-09-01,1.4707293424956955
2016-09-02,1.4756749973540193
2016-09-06,1.4753945964892534
2016-09-07,1.4677923147777008
2016-09-08,1.4549157777362627
2016-09-09,1.4431777637582808
2016-09-12,1.4375420315752985
2016-09-13,1.4375420315752985
2016-09-14,1.4375420315752985
2016-09-15,1.4375420315752985
2016-09-16,1.44886316129541
2016-09-19,1.4565690993018308
2016-09-20,1.4646390088569077
2016-09-21,1.4742759162476273
2016-09-22,1.4678917144316863
2016-09-23,1.4577418620336258
2016-09-26,1.461324767811798
2016-09-27,1.463950080985531
2016-09-28,1.4596815669069838
2016-09-29,1.4635188574729
2016-09-30,1.4649068283971693
2016-10-03,1.468642854912686
2016-10-04,1.4732868239344032
2016-10-05,1.471744399791494
2016-10-06,1.4741442057788081
2016-10-07,1.480924813573519
2016-10-10,1.4787896222420072
2016-10-11,1.4832624519879283
2016-10-12,1.470096623286647
2016-10-13,1.4873458095340868
2016-10-14,1.4892050569901762
2016-10-17,1.5038980235904666
2016-10-18,1.4971948343291537
2016-10-19,1.4961694940594537
2016-10-20,1.4910248952158542
2016-10-21,1.4974880578461274
2016-10-24,1.4946684691181698
2016-10-25,1.483448788102582
2016-10-26,1.491271935855353
2016-10-27,1.492361690355678
2016-10-28,1.499436235144798
2016-10-31,1.5030203630824317
2016-11-01,1.5056235132539468
2016-11-02,1.504955098328528
2016-11-03,1.4934728335799066
2016-11-04,1.5218906342242364
2016-11-07,1.5180021933698493
2016-11-08,1.4848380487703556
2016-11-09,1.4865761318613901
2016-11-10,1.487427942332847
2016-11-11,1.4858569283593965
2016-11-14,1.4905707074727035
2016-11-15,1.4892574285250562
2016-11-16,1.4937011054016287
2016-11-17,1.4913046485985295
2016-11-18,1.4967642502954313
2016-11-21,1.5023099350398756
2016-11-22,1.500521420291573
2016-11-23,1.5006378879756788
2016-11-25,1.497643778211778
2016-11-28,1.4985768178618764
2016-11-29,1.5003688856567843
2016-11-30,1.5004326170388305
2016-12-01,1.4992613826392607
2016-12-02,1.5070761102930115
2016-12-05,1.5135908856697624
2016-12-06,1.5194906878158319
2016-12-07,1.526776885797964
2016-12-08,1.5295620412001096
2016-12-09,1.5249578966819868
2016-12-12,1.5313312476067773
2016-12-13,1.5294334140113375
2016-12-14,1.5343501196402412
2016-12-15,1.5415593319366103
2016-12-16,1.5443796659729438
2016-12-19,1.5564159347069182
2016-12-20,1.558654678306014
2016-12-21,1.5609449944929905
2016-12-22,1.5533195108734956
2016-12-23,1.557835692484636
2016-12-27,1.5678069363856768
2016-12-28,1.5584743403342645
2016-12-29,1.5623412930651785
2016-12-30,1.5688455390146732
2017-01-03,1.5680080293504075
2017-01-04,1.5673241148621146
2017-01-05,1.569453972857883
2017-01-06,1.5700614309641205
2017-01-09,1.5712220321396249
2017-01-10,1.56796776187068
2017-01-11,1.5575601201479865
2017-01-12,1.5587317869570734
2017-01-13,1.5458731888860016
2017-01-17,1.5424491966251983
2017-01-18,1.5419710040228258
2017-01-19,1.5522517171665298
2017-01-20,1.552757636244524
2017-01-23,1.559630669337828
2017-01-24,1.5768571081259302
2017-01-25,1.5793416739792543
2017-01-26,1.5814580833024081
2017-01-27,1.5732446039768875
2017-01-30,1.564435296225481
2017-01-31,1.573669571882049
2017-02-01,1.5659597480211682
2017-02-02,1.5707324057557361
2017-02-03,1.5710540062219431
2017-02-06,1.576683746155479
2017-02-07,1.5747643325900729
2017-02-08,1.5820667676721683
2017-02-09,1.5866089562294967
2017-02-10,1.592598819834602
2017-02-13,1.5865323942736116
2017-02-14,1.5853523273622183
2017-02-15,1.5844289403522118
2017-02-16,1.5780431768002072
2017-02-17,1.5867937019694174
2017-02-21,1.589176658571301
2017-02-22,1.5827041829531687
2017-02-23,1.563607829343155
2017-02-24,1.560529516427353
2017-02-27,1.5639573300895355
2017-02-28,1.5762319775781726
2017-03-01,1.5742368531924047
2017-03-02,1.5715295960579632
2017-03-03,1.5636988785432433
2017-03-06,1.5616358042446121
2017-03-07,1.566590070314487
2017-03-08,1.5646299674395616
2017-03-09,1.5723829349439662
2017-03-10,1.580374594999301
2017-03-13,1.5744833993772862
2017-03-14,1.5734727203337202
2017-03-15,1.5754393574685301
2017-03-16,1.5784584559476285
2017-03-17,1.5821525146303155
2017-03-20,1.5873335347088329
2017-03-21,1.5854418084915503
2017-03-22,1.579344722400835
2017-03-23,1.5913718845705365
2017-03-24,1.5747511998533938
2017-03-27,1.5785951903225877
2017-03-28,1.5772786775393932
2017-03-29,1.577083329731672
2017-03-30,1.5747824980568401
2017-03-31,1.579904170724436
2017-04-03,1.5632122934207087
2017-04-04,1.5663344845771203
2017-04-05,1.5582250810719163
2017-04-06,1.5581107591978662
2017-04-07,1.556719220230929
2017-04-10,1.5516957412501127
2017-04-11,1.548861559747595
2017-04-12,1.548861559747595
2017-04-13,1.548861559747595
2017-04-17,1.540799406713861
2017-04-18,1.5488958234983343
2017-04-19,1.557566269493347
2017-04-20,1.5578209512577323
2017-04-21,1.5776236524029532
2017-04-24,1.5835186222972981
2017-04-25,1.581534502553735
2017-04-26,1.5868356980107252
2017-04-27,1.5933180387377948
2017-04-28,1.601147145219137
2017-05-01,1.6031965235019447
2017-05-02,1.60058094139393
2017-05-03,1.600134317403498
2017-05-04,1.6013711586265083
2017-05-05,1.5989268634297404
2017-05-08,1.6026974479548934
2017-05-09,1.602139140713882
2017-05-10,1.5979074863929486
2017-05-11,1.6008036900369818
2017-05-12,1.5968755426366696
2017-05-15,1.59978528005965
2017-05-16,1.5841966749668892
2017-05-17,1.5856866073534799
2017-05-18,1.5889535506223587
2017-05-19,1.5943314376538855
2017-05-22,1.5971861395622984
2017-05-23,1.601293245170235
2017-05-24,1.6055665043002054
2017-05-25,1.6050089542544963
2017-05-26,1.6048007309375731
2017-05-30,1.607149293880571
2017-05-31,1.611557101542588
2017-06-01,1.61350059239505
2017-06-02,1.6131776865569851
2017-06-05,1.610386976644396
2017-06-06,1.6201771481633511
2017-06-07,1.6320141993940394
2017-06-08,1.6416055731566697
2017-06-09,1.623834588425932
2017-06-12,1.6387460887642915
2017-06-13,1.6414732839995538
2017-06-14,1.618473430577624
2017-06-15,1.6223056592874812
2017-06-16,1.6398825878578875
2017-06-19,1.650425398254752
2017-06-20,1.665611149831033
2017-06-21,1.667143809880958
2017-06-22,1.662016923080135
2017-06-23,1.6789370831542914
2017-06-26,1.6664561152086506
2017-06-27,1.6775850181905216
2017-06-28,1.6708407716700917
2017-06-29,1.674013063453166
2017-06-30,1.682537844420818
2017-07-03,1.68823332557745
2017-07-05,1.6768200796755361
2017-07-06,1.683138794118153
2017-07-07,1.689897415543596
2017-07-10,1.6910668323897997
2017-07-11,1.7049031400829382
2017-07-12,1.707069421036297
2017-07-13,1.7099444584840269
2017-07-14,1.7118066589218177
2017-07-17,1.6996235155836208
2017-07-18,1.7046666870984437
2017-07-19,1.7070675106098976
2017-07-20,1.7021750038817764
2017-07-21,1.7051853252132538
2017-07-24,1.6981319360502698
2017-07-25,1.7011152494031034
2017-07-26,1.707358970538541
2017-07-27,1.6955185796063548
2017-07-28,1.7005882011463456
2017-07-31,1.7050981978367805
2017-08-01,1.7194935321497165
2017-08-02,1.7181381543429906
2017-08-03,1.7216327956606772
2017-08-04,1.728210987520194
2017-08-07,1.7274668247819258
2017-08-08,1.7087770173578898
2017-08-09,1.6959570741142997
2017-08-10,1.6956679646550035
2017-08-11,1.7125566653154554
2017-08-14,1.7222620004649858
2017-08-15,1.725507514042036
2017-08-16,1.7191796289680645
2017-08-17,1.7230895325091347
2017-08-18,1.7258789863052815
2017-08-21,1.737625269194295
2017-08-22,1.7280290676204575
2017-08-23,1.7335688658735007
2017-08-24,1.7369243695802632
2017-08-25,1.738944975408742
2017-08-28,1.7199257576103857
2017-08-29,1.7229391218761034
2017-08-30,1.7268118205448912
2017-08-31,1.7309534428592355
2017-09-01,1.7193052001021538
2017-09-05,1.7239305664271196
2017-09-06,1.726618841919106
2017-09-07,1.7234770773846797
2017-09-08,1.739379546052271
2017-09-11,1.7461703182065353
2017-09-12,1.7435524311099697
2017-09-13,1.7347436059810768
2017-09-14,1.7378066636481777
2017-09-15,1.749452846518578
2017-09-18,1.751086437683107
2017-09-19,1.7486588369539096
2017-09-20,1.746830332089803
2017-09-21,1.73375595724559
2017-09-22,1.7245754845844508
2017-09-25,1.7412318434718748
2017-09-26,1.7524159089921876
2017-09-27,1.7474326417021253
2017-09-28,1.753424621580531
2017-09-29,1.760801937870054
2017-10-02,1.7587593247970217
2017-10-03,1.7542646100150587
2017-10-04,1.762485688163583
2017-10-05,1.7527024711196448
2017-10-06,1.7523047029249947
2017-10-09,1.7684209695915871
2017-10-10,1.7652457769668435
2017-10-11,1.7635194994121273
2017-10-12,1.7727022071907816
2017-10-13,1.7749608515545217
2017-10-16,1.771701032621756
2017-10-17,1.7734730040531388
2017-10-18,1.7559382005211566
2017-10-19,1.7626111472106907
2017-10-20,1.769276170461772
2017-10-23,1.7725775256368068
2017-10-24,1.7660087497416135
2017-10-25,1.7707428090810187
2017-10-26,1.7790921041972798
2017-10-27,1.780398349988267
2017-10-30,1.7872088891320894
2017-10-31,1.7933619034266894
2017-11-01,1.7925011429163606
2017-11-02,1.7976932064892353
2017-11-03,1.7958990793011764
2017-11-06,1.7983538270819968
2017-11-07,1.7962728605207112
2017-11-08,1.7873590869298335
2017-11-09,1.7864770968673576
2017-11-10,1.7808479436869176
2017-11-13,1.7774627933658067
2017-11-14,1.7774627933658067
2017-11-15,1.7774627933658067
2017-11-16,1.7774627933658067
2017-11-17,1.779057872807444
2017-11-20,1.7873292149764464
2017-11-21,1.7893935357601514
2017-11-22,1.7914766222620526
2017-11-24,1.7797175587400298
2017-11-27,1.782787593610445
2017-11-28,1.7776856679680506
2017-11-29,1.7840697566961765
2017-11-30,1.7759744425551358
2017-12-01,1.7822942980887324
2017-12-04,1.7751296557261136
2017-12-05,1.7690691307145978
2017-12-06,1.7718931631941217
2017-12-07,1.777226404963457
2017-12-08,1.7772052262770477
2017-12-11,1.7746528127803
2017-12-12,1.7789967577642327
2017-12-13,1.7807066340612718
2017-12-14,1.788969675478168
2017-12-15,1.7937547565158214
2017-12-18,1.790881363585684
2017-12-19,1.795572987331187
2017-12-20,1.796183619242108
2017-12-21,1.7926662676255596
2017-12-22,1.7814010579455601
2017-12-26,1.7808716081471228
2017-12-27,1.785316268295446
2017-12-28,1.7853724013048238
2017-12-29,1.7976636102873425
2018-01-02,1.8051582965041588
2018-01-03,1.8159690660703909
2018-01-04,1.823913787387602
2018-01-05,1.8266376030758757
2018-01-08,1.828663171357444
2018-01-09,1.814152015786264
2018-01-10,1.8175524684127595
2018-01-11,1.8091485842460224
2018-01-12,1.8154112035119538
2018-01-16,1.8203770696368824
2018-01-17,1.8175568609323782
2018-01-18,1.8213201627847917
2018-01-19,1.8192527230277447
2018-01-22,1.829364108384681
2018-01-23,1.8328642425372141
2018-01-24,1.8412254685068004
2018-01-25,1.8544092465695363
2018-01-26,1.852812968446467
2018-01-29,1.8387727405391134
2018-01-30,1.8435453612306976
2018-01-31,1.8299632990927863
2018-02-01,1.8209179897144434
2018-02-02,1.8035970987471108
2018-02-05,1.8008680384703388
2018-02-06,1.8008680384703388
2018-02-07,1.8008680384703388
2018-02-08,1.8008680384703388
2018-02-09,1.8008680384703388
2018-02-12,1.8008680384703388
2018-02-13,1.8008680384703388
2018-02-14,1.8008680384703388
2018-02-15,1.8008680384703388
2018-02-16,1.8008680384703388
2018-02-20,1.8008680384703388
2018-02-21,1.8008680384703388
2018-02-22,1.8008680384703388
2018-02-23,1.8008680384703388
2018-02-26,1.8009410044932448
2018-02-27,1.8027374627962007
2018-02-28,1.8027374627962007
2018-03-01,1.8027374627962007
2018-03-02,1.8027374627962007
2018-03-05,1.8027374627962007
2018-03-06,1.8027374627962007
2018-03-07,1.805491677231397
2018-03-08,1.808550110540746
2018-03-09,1.8206405581120584
2018-03-12,1.8241381974052646
2018-03-13,1.8259155430510703
2018-03-14,1.8251601038762635
2018-03-15,1.8291490119692249
2018-03-16,1.814982264627826
2018-03-19,1.8152463683107827
2018-03-20,1.813638006099282
2018-03-21,1.8053277504960707
2018-03-22,1.8047819099636755
2018-03-23,1.8241287330904161
2018-03-26,1.8264956609207155
2018-03-27,1.8264956609207155
2018-03-28,1.8264956609207155
2018-03-29,1.8264956609207155
2018-04-02,1.8264956609207155
2018-04-03,1.8264956609207155
2018-04-04,1.8264956609207155
2018-04-05,1.8264956609207155
2018-04-06,1.8264956609207155
2018-04-09,1.8264956609207155
2018-04-10,1.8264956609207155
2018-04-11,1.8264956609207155
2018-04-12,1.8264956609207155
2018-04-13,1.8264956609207155
2018-04-16,1.8275360074284661
2018-04-17,1.8269256762722557
2018-04-18,1.822424201845451
2018-04-19,1.822424201845451
2018-04-20,1.822424201845451
2018-04-23,1.822424201845451
2018-04-24,1.8213626595337662
2018-04-25,1.8267876895039672
2018-04-26,1.830186209608761
2018-04-27,1.830646671304577
2018-04-30,1.8303048478675028
2018-05-01,1.8301188259770969
2018-05-02,1.8310888314091687
2018-05-03,1.830103953525878
2018-05-04,1.8365388506306464
2018-05-07,1.8360539596317287
2018-05-08,1.839803499370947
2018-05-09,1.8443990491912836
2018-05-10,1.8390493735129865
2018-05-11,1.8466687200666785
2018-05-14,1.8435272980909905
2018-05-15,1.8512743313988769
2018-05-16,1.8486849107011445
2018-05-17,1.8459018960235463
2018-05-18,1.8674869567271821
2018-05-21,1.882288367919891
2018-05-22,1.8732415301548873
2018-05-23,1.8716568369513709
2018-05-24,1.8696743690753455
2018-05-25,1.861413776474591
2018-05-29,1.870563254293722
2018-05-30,1.8591122180009862
2018-05-31,1.8712298041116229
2018-06-01,1.8787525915422827
2018-06-04,1.8825578735297186
2018-06-05,1.8821454900269483
2018-06-06,1.882945782716373
2018-06-07,1.8684955552936784
2018-06-08,1.866149374156448
2018-06-11,1.8696969627827398
2018-06-12,1.8702351011459903
2018-06-13,1.8820155707316788
2018-06-14,1.8742405626324141
2018-06-15,1.8631657048768482
2018-06-18,1.838373407111726
2018-06-19,1.8455345937989176
2018-06-20,1.8500681490494182
2018-06-21,1.8526639394096738
2018-06-22,1.8317161777047792
2018-06-25,1.8460846605713819
2018-06-26,1.8535728590322074
2018-06-27,1.847587089074438
2018-06-28,1.8562992039380544
2018-06-29,1.8407161575361006
2018-07-02,1.8427492021796084
2018-07-03,1.8562807632700213
2018-07-05,1.8548846350879125
2018-07-06,1.8693478761459568
2018-07-09,1.8716828017067797
2018-07-10,1.8468645904007668
2018-07-11,1.8560470268568245
2018-07-12,1.8589481826053482
2018-07-13,1.8602971320556108
2018-07-16,1.8483850378849334
2018-07-17,1.850011023478502
2018-07-18,1.8395491248942406
2018-07-19,1.8396057452091956
2018-07-20,1.8318676423899882
2018-07-23,1.845066689404324
2018-07-24,1.8443249016665573
2018-07-25,1.8389671152982168
2018-07-26,1.845815534419159
2018-07-27,1.8454076142668354
2018-07-30,1.851030327855949
2018-07-31,1.854259779494534
2018-08-01,1.8418209511427894
2018-08-02,1.8431106768113317
2018-08-03,1.8385323630247183
2018-08-06,1.8439847267675649
2018-08-07,1.8439337237184
2018-08-08,1.8437359075653572
2018-08-09,1.8317606440701013
2018-08-10,1.8329549829952863
2018-08-13,1.8411815136179404
2018-08-14,1.8312625421514828
2018-08-15,1.836162116449358
2018-08-16,1.83363799750033
2018-08-17,1.8342207108368382
2018-08-20,1.8374423291698898
2018-08-21,1.833966955725306
2018-08-22,1.8326731075619378
2018-08-23,1.8410833343052253
2018-08-24,1.8562339093513733
2018-08-27,1.8643330957556319
2018-08-28,1.8635918973723224
2018-08-29,1.8618760824976552
2018-08-30,1.8593005505289069
2018-08-31,1.8551023249465068
2018-09-04,1.859656233346468
2018-09-05,1.8540361956190918
2018-09-06,1.8457299631628679
2018-09-07,1.8543937452218713
2018-09-10,1.8438412036944969
2018-09-11,1.8394059851518845
2018-09-12,1.846132006021042
2018-09-13,1.8519231279780284
2018-09-14,1.8463154321065411
2018-09-17,1.8454925211594844
2018-09-18,1.847532217816285
2018-09-19,1.8495277218575956
2018-09-20,1.8530867060608336
2018-09-21,1.8446626614051675
2018-09-24,1.8452758574700954
2018-09-25,1.842906653967904
2018-09-26,1.8507431158142047
2018-09-27,1.850648728086434
2018-09-28,1.8591055210976157
2018-10-01,1.8528553824936085
2018-10-02,1.8589913736836248
2018-10-03,1.8480190760126471
2018-10-04,1.8441335491560107
2018-10-05,1.8324078367681087
2018-10-08,1.8284644310724687
2018-10-09,1.8167523739697564
2018-10-10,1.8167523739697564
2018-10-11,1.8167523739697564
2018-10-12,1.8167523739697564
2018-10-15,1.819239477035533
2018-10-16,1.8216627263859952
2018-10-17,1.8202533992030787
2018-10-18,1.8202533992030787
2018-10-19,1.8202533992030787
2018-10-22,1.8202533992030787
2018-10-23,1.8202533992030787
2018-10-24,1.8202533992030787
2018-10-25,1.8202533992030787
2018-10-26,1.8202533992030787
2018-10-29,1.8202533992030787
2018-10-30,1.8202533992030787
2018-10-31,1.8202533992030787
2018-11-01,1.8202533992030787
2018-11-02,1.8202533992030787
2018-11-05,1.8202533992030787
2018-11-06,1.8213974393052281
2018-11-07,1.8215024563268996
2018-11-08,1.8201855433538523
2018-11-09,1.8190014480181405
2018-11-12,1.8190014480181405
2018-11-13,1.8190014480181405
2018-11-14,1.8190014480181405
2018-11-15,1.8190014480181405
2018-11-16,1.8190014480181405
2018-11-19,1.8190014480181405
2018-11-20,1.8190014480181405
2018-11-21,1.8190014480181405
2018-11-23,1.8190014480181405
2018-11-26,1.8190014480181405
2018-11-27,1.8190014480181405
2018-11-28,1.8171078204178102
2018-11-29,1.8171078204178102
2018-11-30,1.8312455052279795
2018-12-03,1.8273094279175077
2018-12-04,1.8273094279175077
2018-12-06,1.8273094279175077
2018-12-07,1.8273094279175077
2018-12-10,1.8273094279175077
2018-12-11,1.8273094279175077
2018-12-12,1.8273094279175077
2018-12-13,1.8273094279175077
2018-12-14,1.8273094279175077
2018-12-17,1.8273094279175077
2018-12-18,1.8273094279175077
2018-12-19,1.8273094279175077
2018-12-20,1.8273094279175077
2018-12-21,1.8273094279175077
2018-12-24,1.8273094279175077
2018-12-26,1.8273094279175077
2018-12-27,1.8273094279175077
2018-12-28,1.8273094279175077
2018-12-31,1.8273094279175077
2019-01-02,1.8273094279175077
2019-01-03,1.8273094279175077
2019-01-04,1.8273094279175077
2019-01-07,1.8273094279175077
2019-01-08,1.8273094279175077
2019-01-09,1.8273094279175077
2019-01-10,1.8273094279175077
2019-01-11,1.8273094279175077
2019-01-14,1.8273094279175077
2019-01-15,1.8273094279175077
2019-01-16,1.8273094279175077
2019-01-17,1.8273094279175077
2019-01-18,1.8273094279175077
2019-01-22,1.8273094279175077
2019-01-23,1.8273094279175077
2019-01-24,1.8273094279175077
2019-01-25,1.8273094279175077
2019-01-28,1.8273094279175077
2019-01-29,1.8273094279175077
2019-01-30,1.8273094279175077
2019-01-31,1.8273094279175077
2019-02-01,1.8273094279175077
2019-02-04,1.827608823784263
2019-02-05,1.8281966965222507
2019-02-06,1.8220524473770445
2019-02-07,1.8220524473770445
2019-02-08,1.8220524473770445
2019-02-11,1.8220524473770445
2019-02-12,1.8233443072655942
2019-02-13,1.8218783145186046
2019-02-14,1.8264404697512528
2019-02-15,1.8244272853587604
2019-02-19,1.8256194083334287
2019-02-20,1.8246255291933569
2019-02-21,1.8258067152014366
2019-02-22,1.8332595253468023
2019-02-25,1.8307519506675922
2019-02-26,1.8260936571458228
2019-02-27,1.8202990474027672
2019-02-28,1.8216253642302684
2019-03-01,1.826981326435542
2019-03-04,1.8262358349446621
2019-03-05,1.8280538973438487
2019-03-06,1.8233713574670996
2019-03-07,1.80638970263162
2019-03-08,1.8108896348168182
2019-03-11,1.8129790062789102
2019-03-12,1.8179367812910963
2019-03-13,1.812844299633321
2019-03-14,1.8142254205450605
2019-03-15,1.8124309727553032
2019-03-18,1.8175394625450711
2019-03-19,1.820843579747209
2019-03-20,1.8205642656519763
2019-03-21,1.8130816579846225
2019-03-22,1.8076198475173975
2019-03-25,1.8195587869386647
2019-03-26,1.8192357307559102
2019-03-27,1.8208438596947498
2019-03-28,1.832924800579835
2019-03-29,1.8488023043978374
2019-04-01,1.8505006696819561
2019-04-02,1.8648760804901363
2019-04-03,1.8592897598273297
2019-04-04,1.8669588672734205
2019-04-05,1.8578919687620197
2019-04-08,1.8492671290200604
2019-04-09,1.8516978907116353
2019-04-10,1.8520083657627047
2019-04-11,1.8599688364635982
2019-04-12,1.8583467776333729
2019-04-15,1.8651315513500182
2019-04-16,1.8776046740653407
2019-04-17,1.8799777247686429
2019-04-18,1.8734012810425824
2019-04-22,1.8763184045747237
2019-04-23,1.874899012278995
2019-04-24,1.878153068019481
2019-04-25,1.867230467132456
2019-04-26,1.8669728946603572
2019-04-29,1.8619298799426198
2019-04-30,1.8687929172664433
2019-05-01,1.8694622412035689
2019-05-02,1.8786166675216625
2019-05-03,1.8273343387641898
2019-05-06,1.8127238377146409
2019-05-07,1.8061042456832348
2019-05-08,1.7881993460756491
2019-05-09,1.7803554714174665
2019-05-10,1.7803554714174665
2019-05-13,1.7885523981419107
2019-05-14,1.7808627181978411
2019-05-15,1.7738631236039435
2019-05-16,1.7592026517144668
2019-05-17,1.7360409574322517
2019-05-20,1.7467303467110207
2019-05-21,1.7403944413992394
2019-05-22,1.7276529121602078
2019-05-23,1.7340041519305083
2019-05-24,1.7414902852380276
2019-05-28,1.7379905662497892
2019-05-29,1.7413886947212005
2019-05-30,1.7290290232496488
2019-05-31,1.7290290232496488
2019-06-03,1.7290290232496488
2019-06-04,1.737085319308157
2019-06-05,1.741038600492385
2019-06-06,1.7473175585301262
2019-06-07,1.759552987786722
2019-06-10,1.7759453467697761
2019-06-11,1.7703152040941137
2019-06-12,1.773474450536032
2019-06-13,1.768895027316297
2019-06-14,1.7722648676332209
2019-06-17,1.7872248347552202
2019-06-18,1.788298296397027
2019-06-19,1.8058264767549508
2019-06-20,1.801297485346802
2019-06-21,1.8059994477225265
2019-06-24,1.8026964490396553
2019-06-25,1.8178060528041067
2019-06-26,1.827098927394188
2019-06-27,1.831684861437365
2019-06-28,1.8737314185687324
2019-07-01,1.8713413265077834
2019-07-02,1.8633397728017416
2019-07-03,1.854963988700134
2019-07-05,1.8470055995999848
2019-07-08,1.8402604607568414
2019-07-09,1.8402604607568414
2019-07-10,1.8402604607568414
2019-07-11,1.8402604607568414
2019-07-12,1.84611956182712
2019-07-15,1.8413951605212657
2019-07-16,1.8430059736567044
2019-07-17,1.8385421810608062
2019-07-18,1.8446597297592457
2019-07-19,1.8566127087064748
2019-07-22,1.8647037710100196
2019-07-23,1.8625260186679442
2019-07-24,1.8582498034372144
2019-07-25,1.8656202050394879
2019-07-26,1.8632971006768153
2019-07-29,1.8539692811305113
2019-07-30,1.8495115148775856
2019-07-31,1.8511324448596942
2019-08-01,1.8333108480854203
2019-08-02,1.7903244329049053
2019-08-05,1.8144557226713356
2019-08-06,1.8024331776187572
2019-08-07,1.8256231416266184
2019-08-08,1.8150692889324045
2019-08-09,1.804983466331848
2019-08-12,1.80525993533162
2019-08-13,1.7729859596745836
2019-08-14,1.7789482278913726
2019-08-15,1.7919497567434943
2019-08-16,1.8177977486682932
2019-08-19,1.812736514353073
2019-08-20,1.8308066190459489
2019-08-21,1.8325507598726611
2019-08-22,1.8125174097711507
2019-08-23,1.8334820449810785
2019-08-26,1.8451334988905748
2019-08-27,1.8372721724499412
2019-08-28,1.86632719629417
2019-08-29,1.8792320323534555
2019-08-30,1.856738871883292
2019-09-03,1.8842877726878107
2019-09-04,1.9136973257569092
2019-09-05,1.910584849970334
2019-09-06,1.9216428666008416
2019-09-09,1.911593492392503
2019-09-10,1.9165699337604019
2019-09-11,1.9279900164530357
2019-09-12,1.9235414564573747
2019-09-13,1.9070752922886343
2019-09-16,1.9078094640177206
2019-09-17,1.9057580485805645
2019-09-18,1.9122583968536848
2019-09-19,1.913405994666273
2019-09-20,1.9151222622573087
2019-09-23,1.9249231474573143
2019-09-24,1.9174169361760036
2019-09-25,1.9140173831190084
2019-09-26,1.9097213562707869
2019-09-27,1.9188769245844182
2019-09-30,1.9280402731538198
2019-10-01,1.9141222875617536
2019-10-02,1.9145028456964772
2019-10-03,1.9224469952097407
2019-10-04,1.9192658139128311
2019-10-07,1.905688935428443
2019-10-08,1.9256070211796918
2019-10-09,1.9271465952522362
2019-10-10,1.9506516739533342
2019-10-11,1.9466715977441318
2019-10-14,1.956484058085708
2019-10-15,1.9469777986729906
2019-10-16,1.9615044471656207
2019-10-17,1.9557436457520119
2019-10-18,1.9706311472495823
2019-10-21,1.9759611751046542
2019-10-22,1.9622286909349442
2019-10-23,1.9741570191356896
2019-10-24,1.9749228937690475
2019-10-25,1.9901256514487515
2019-10-28,1.9924927583752576
2019-10-29,1.9973972765487276
2019-10-30,1.9939962851504733
2019-10-31,1.9985480575017018
2019-11-01,2.0200079060710743
2019-11-04,2.0227537421075676
2019-11-05,2.0164390252812256
2019-11-06,2.031787246821825
2019-11-07,2.021174796150351
2019-11-08,2.0083290501291167
2019-11-11,2.013529407291698
2019-11-12,2.0070046202516236
2019-11-13,1.9999868056963004
2019-11-14,2.015147550950969
2019-11-15,2.014690098638448
2019-11-18,2.024350706960879
2019-11-19,2.0157627658768105
2019-11-20,2.0098642143338656
2019-11-21,2.006076535805795
2019-11-22,2.0234055029194074
2019-11-25,2.0198756518314287
2019-11-26,2.0318053391910813
2019-11-27,2.0210465842887846
2019-11-29,2.0239749301505876
2019-12-02,1.986423241276382
2019-12-03,2.004694929877666
2019-12-04,2.0138640727487496
2019-12-05,2.031652695450056
2019-12-06,2.0264992412754737
2019-12-09,2.032795474568697
2019-12-10,2.038264731431462
2019-12-11,2.0400255812856947
2019-12-12,2.039797483942738
2019-12-13,2.0582450352256156
2019-12-16,2.066381174045417
2019-12-17,2.0707859672571343
2019-12-18,2.0751738360170093
2019-12-19,2.0905224927253356
2019-12-20,2.100879325864991
2019-12-23,2.1023108924470555
2019-12-24,2.106936089504947
2019-12-26,2.1148969844941785
2019-12-27,2.111984274750465
2019-12-30,2.098113665825579
2019-12-31,2.1250273989976898
2020-01-02,2.097368930857684
2020-01-03,2.0750021295760117
2020-01-06,2.0914235746658503
2020-01-07,2.0906781111926267
2020-01-08,2.1173166513079607
2020-01-09,2.127090795130045
2020-01-10,2.1473068170413936
2020-01-13,2.1535422681438443
2020-01-14,2.1477622356743304
2020-01-15,2.151478102852653
2020-01-16,2.158452684925618
2020-01-17,2.1607755763210807
2020-01-21,2.1833132240664583
2020-01-22,2.185735896070913
2020-01-23,2.2062254076927883
2020-01-24,2.135127617768589
2020-01-27,2.1533878028254443
2020-01-28,2.154698903372049
2020-01-29,2.1401500931977795
2020-01-30,2.136996498444495
2020-01-31,2.1359015390621474
2020-02-03,2.167151892647967
2020-02-04,2.191928560916401
2020-02-05,2.1974395998445337
2020-02-06,2.1853215212013026
2020-02-07,2.174693686485
2020-02-10,2.189570771671817
2020-02-11,2.2052014269159974
2020-02-12,2.1969362652593714
2020-02-13,2.203332219590259
2020-02-14,2.1924036635484487
2020-02-18,2.2033700500602764
2020-02-19,2.198266807415482
2020-02-20,2.190879252863641
2020-02-21,2.130817206079203
2020-02-24,2.130817206079203
2020-02-25,2.1347243274170964
2020-02-26,2.113080926077758
2020-02-27,2.113080926077758
2020-02-28,2.113080926077758
2020-03-02,2.113035142914553
2020-03-03,2.113035142914553
2020-03-04,2.113035142914553
2020-03-05,2.113035142914553
2020-03-06,2.113035142914553
2020-03-09,2.113035142914553
2020-03-10,2.113035142914553
2020-03-11,2.113035142914553
2020-03-12,2.113035142914553
2020-03-13,2.113035142914553
2020-03-16,2.113035142914553
2020-03-17,2.113035142914553
2020-03-18,2.113035142914553
2020-03-19,2.113035142914553
2020-03-20,2.113035142914553
2020-03-23,2.113035142914553
2020-03-24,2.113035142914553
2020-03-25,2.113035142914553
2020-03-26,2.113035142914553
2020-03-27,2.113035142914553
2020-03-30,2.113035142914553
2020-03-31,2.113035142914553
2020-04-01,2.113035142914553
2020-04-02,2.113035142914553
2020-04-03,2.113035142914553
2020-04-06,2.113035142914553
2020-04-07,2.113035142914553
2020-04-08,2.113035142914553
2020-04-09,2.113035142914553
2020-04-13,2.113035142914553
2020-04-14,2.113035142914553
2020-04-15,2.113035142914553
2020-04-16,2.113035142914553
2020-04-17,2.113035142914553
2020-04-20,2.113035142914553
2020-04-21,2.113035142914553
2020-04-22,2.113035142914553
2020-04-23,2.113035142914553
2020-04-24,2.113035142914553
2020-04-27,2.113035142914553
2020-04-28,2.113035142914553
2020-04-29,2.113035142914553
2020-04-30,2.113035142914553
2020-05-01,2.113035142914553
2020-05-04,2.113035142914553
2020-05-05,2.113035142914553
2020-05-06,2.113035142914553
2020-05-07,2.113035142914553
2020-05-08,2.113035142914553
2020-05-11,2.113035142914553
2020-05-12,2.113035142914553
2020-05-13,2.113035142914553
2020-05-14,2.113035142914553
2020-05-15,2.113035142914553
2020-05-18,2.113035142914553
2020-05-19,2.113035142914553
2020-05-20,2.113035142914553
2020-05-21,2.113035142914553
2020-05-22,2.113035142914553
2020-05-26,2.106244046531532
2020-05-27,2.085228182429439
2020-05-28,2.0906691708346195
2020-05-29,2.0888195100374918
2020-06-01,2.087533985452522
2020-06-02,2.0938562149834263
2020-06-03,2.0900599431417954
2020-06-04,2.107118653720303
2020-06-05,2.1101934176245885
2020-06-08,2.099901918958346
2020-06-09,2.1267483571057264
2020-06-10,2.074546479446044
2020-06-11,2.1276495608502706
2020-06-12,2.0946057905941884
2020-06-15,2.1358254568992088
2020-06-16,2.14692006844746
2020-06-17,2.1438431199583903
2020-06-18,2.159840458488584
2020-06-19,2.1659983707822192
2020-06-22,2.1765145563610817
2020-06-23,2.169537999983576
2020-06-24,2.1714773879625517
2020-06-25,2.1702516161970546
2020-06-26,2.171219769212056
2020-06-29,2.1741550877206444
2020-06-30,2.1750476648058603
2020-07-01,2.2165874608750245
2020-07-02,2.260522059477008
2020-07-06,2.261925930597706
2020-07-07,2.281716704453574
2020-07-08,2.300975203721752
2020-07-09,2.2998342805278047
2020-07-10,2.337289617028277
2020-07-13,2.3346207928474563
2020-07-14,2.3510544237287276
2020-07-15,2.3133836788421682
2020-07-16,2.323734322602031
2020-07-17,2.3293923882834653
2020-07-20,2.3473329378004837
2020-07-21,2.347671057233835
2020-07-22,2.3445247513782665
2020-07-23,2.3481222617437743
2020-07-24,2.3618654990362167
2020-07-27,2.350182198067457
2020-07-28,2.3640991829570908
2020-07-29,2.349111747292018
2020-07-30,2.3580469145159153
2020-07-31,2.3750693519638832
2020-08-03,2.3732371391000084
2020-08-04,2.3758438214961153
2020-08-05,2.3697832431562253
2020-08-06,2.367114948535354
2020-08-07,2.365101440352336
2020-08-10,2.3536345068438553
2020-08-11,2.3815691067377207
2020-08-12,2.393357663014833
2020-08-13,2.4010612448502364
2020-08-14,2.416748836878313
2020-08-17,2.4303863808155586
2020-08-18,2.426730383239273
2020-08-19,2.420079504178356
2020-08-20,2.4246120175702117
2020-08-21,2.459840353295723
2020-08-24,2.4533529868164
2020-08-25,2.470428104428931
2020-08-26,2.4800597433099987
2020-08-27,2.4910206714240983
2020-08-28,2.4897093462816433
2020-08-31,2.5116062391597342
2020-09-01,2.552368249175403
2020-09-02,2.485921374587885
2020-09-03,2.485921374587885
2020-09-04,2.485921374587885
2020-09-08,2.5063780334823704
2020-09-09,2.5172349655857524
2020-09-10,2.5275572771100863
2020-09-11,2.5400225013151267
2020-09-14,2.5482621145678768
2020-09-15,2.553213776953018
2020-09-16,2.5233651270442863
2020-09-17,2.5293761136699953
2020-09-18,2.5115340802503323
2020-09-21,2.5211054356216636
2020-09-22,2.5201365043829127
2020-09-23,2.5115697314368095
2020-09-24,2.512478144732273
2020-09-25,2.5336437506188654
2020-09-28,2.5343605611553697
2020-09-29,2.533450608779243
2020-09-30,2.5490435749374605
2020-10-01,2.50697262857698
2020-10-02,2.525323414089471
2020-10-05,2.5175340344719053
2020-10-06,2.5469370944354646
2020-10-07,2.5762371541580835
2020-10-08,2.581115885657284
2020-10-09,2.6199375839467027
2020-10-12,2.6361526414667105
2020-10-13,2.64512065389183
2020-10-14,2.6001621340806467
2020-10-15,2.6132496130457468
2020-10-16,2.631607805340619
2020-10-19,2.6400976830746457
2020-10-20,2.6479044399975478
2020-10-21,2.651893386727145
2020-10-22,2.6604919789243944
2020-10-23,2.6351123582663396
2020-10-26,2.6456617087459295
2020-10-27,2.6004767266626403
2020-10-28,2.6078654991291077
2020-10-29,2.586485610791967
2020-10-30,2.6073701858564746
2020-11-02,2.6300217005952575
2020-11-03,2.7088394951460693
2020-11-04,2.7637769279236375
2020-11-05,2.7542313401861502
2020-11-06,2.7824676843959684
2020-11-09,2.7510447780509617
2020-11-10,2.788406813774317
2020-11-11,2.7907459923136795
2020-11-12,2.811497840559293
2020-11-13,2.822082921338167
2020-11-16,2.845220659541845
2020-11-17,2.849360688439494
2020-11-18,2.8426005527849085
2020-11-19,2.838689662501941
2020-11-20,2.8649273463199414
2020-11-23,2.878655071889816
2020-11-24,2.8809191158153715
2020-11-25,2.901687280194617
2020-11-27,2.902411951056355
2020-11-30,2.937250074670647
2020-12-01,2.9230058262379215
2020-12-02,2.9422211946522427
2020-12-03,2.951150009849905
2020-12-04,2.9634863940176577
2020-12-07,2.95487899549314
2020-12-08,2.951285543713362
2020-12-09,2.913551603420447
2020-12-10,2.893798917037215
2020-12-11,2.903748195426702
2020-12-14,2.932660892533841
2020-12-15,2.9361637823255564
2020-12-16,2.952106738995912
2020-12-17,2.963780085145687
2020-12-18,2.917992699600338
2020-12-21,2.9227889586947766
2020-12-22,2.920710111813155
2020-12-23,2.927749819471379
2020-12-24,2.9581929765356616
2020-12-28,2.969955295509651
2020-12-29,2.986608092111404
2020-12-30,2.992250686766256
2020-12-31,3.0160471316900037
2021-01-04,3.018770724143986
2021-01-05,2.9817674423136893
2021-01-06,3.0279254952113956
2021-01-07,3.0645060724495665
2021-01-08,3.030525815674485
2021-01-11,3.045051063373773
2021-01-12,3.038011978568028
2021-01-13,3.037781227946399
2021-01-14,3.0355355181405184
2021-01-15,3.0655215940093563
2021-01-19,3.1056835396235485
2021-01-20,3.125774375115909
2021-01-21,3.1142854449632926
2021-01-22,3.155101269720656
2021-01-25,3.154027496319892
2021-01-26,3.122208352295036
2021-01-27,3.150094159542075
2021-01-28,3.1349821344315156
2021-01-29,3.176702342919173
2021-02-01,3.2010045954127055
2021-02-02,3.205520437803089
2021-02-03,3.209330670112777
2021-02-04,3.21694279248779
2021-02-05,3.2355001839720043
2021-02-08,3.225828144096294
2021-02-09,3.243868808228387
2021-02-10,3.2703824815822347
2021-02-11,3.2555436769739083
2021-02-12,3.2727220159118304
2021-02-16,3.2360640132549907
2021-02-17,3.2032761008375448
2021-02-18,3.226756444544266
2021-02-19,3.174503629603476
2021-02-22,3.101762904017273
2021-02-23,3.0853602933345927
2021-02-24,3.0517271100777776
2021-02-25,3.0864782073087293
2021-02-26,3.1443586378124455
2021-03-01,3.1436471487020405
2021-03-02,3.1363875612882537
2021-03-03,3.128737536009882
2021-03-04,3.1738828737872358
2021-03-05,3.167136347472703
2021-03-08,3.240910132726065
2021-03-09,3.2771111255997933
2021-03-10,3.3330304926657806
2021-03-11,3.3034491826493984
2021-03-12,3.3064258382463128
2021-03-15,3.334876393812485
2021-03-16,3.30739019309325
2021-03-17,3.2662242003157096
2021-03-18,3.2688227850499056
2021-03-19,3.269603688313897
2021-03-22,3.2701711644810696
2021-03-23,3.272854018768927
2021-03-24,3.2687030923659672
2021-03-25,3.2664285428115987
2021-03-26,3.2686895428078655
2021-03-29,3.2507380550848026
2021-03-30,3.270723542778423
2021-03-31,3.306144371681061
2021-04-01,3.342703493233683
2021-04-05,3.338871484927693
2021-04-06,3.3370918161479044
2021-04-07,3.3694840521721625
2021-04-08,3.347691492231885
2021-04-09,3.3345420331379074
2021-04-12,3.3543161519118527
2021-04-13,3.3534599004006305
2021-04-14,3.3901988324816905
2021-04-15,3.385524381020766
2021-04-16,3.3581763635116864
2021-04-19,3.3570697373344083
2021-04-20,3.339375313605096
2021-04-21,3.326637549241478
2021-04-22,3.326637549241478
2021-04-23,3.326637549241478
2021-04-26,3.3371279388544326
2021-04-27,3.3248420320833114
2021-04-28,3.349550415164911
2021-04-29,3.3149435168700694
2021-04-30,3.3286528997097666
2021-05-03,3.297638474561065
2021-05-04,3.3288149573720713
2021-05-05,3.3292659656722505
2021-05-06,3.364161897790491
2021-05-07,3.332026681113717
2021-05-10,3.242419224649877
2021-05-11,3.1736294822814664
2021-05-12,3.2176929121334217
2021-05-13,3.2570530504700046
2021-05-14,3.224012561668763
2021-05-17,3.243288601512917
2021-05-18,3.187027683329291
2021-05-19,3.2031153082658754
2021-05-20,3.227107501435044
2021-05-21,3.2509519187746796
2021-05-24,3.269974053199947
2021-05-25,3.2733510711667053
2021-05-26,3.2729033765692814
2021-05-27,3.278858921824632
2021-05-28,3.2996600479056473
2021-06-01,3.3043626632555236
2021-06-02,3.2812226268736366
2021-06-03,3.29825231604047
2021-06-04,3.28873006594316
2021-06-07,3.297420243191154
2021-06-08,3.306819549579296
2021-06-09,3.3108186587396946
2021-06-10,3.3167255591036926
2021-06-11,3.322122902367091
2021-06-14,3.31606859885182
2021-06-15,3.321117062591998
2021-06-16,3.3112939428856603
2021-06-17,3.288260332013434
2021-06-18,3.2820452940918283
2021-06-21,3.2817251011103434
2021-06-22,3.293382828084902
2021-06-23,3.32123268684023
2021-06-24,3.3296798705782216
2021-06-25,3.3474094314059006
2021-06-28,3.3445709530162295
2021-06-29,3.3457238820960478
2021-06-30,3.3447705221653488
2021-07-01,3.3611097476884626
2021-07-02,3.374658452134822
2021-07-06,3.3961548764056433
2021-07-07,3.3283429174879373
2021-07-08,3.326285759795374
2021-07-09,3.3407480858749263
2021-07-12,3.334607476409927
2021-07-13,3.359563402939242
2021-07-14,3.36572137813617
2021-07-15,3.3756042805652178
2021-07-16,3.3379453763512954
2021-07-19,3.3526731815686657
2021-07-20,3.353841026244327
2021-07-21,3.3569361136791445
2021-07-22,3.380373451116338
2021-07-23,3.3731506017313606
2021-07-26,3.369225799628203
2021-07-27,3.373852200769131
2021-07-28,3.377690511278737
2021-07-29,3.3516153314886403
2021-07-30,3.3712344944698924
2021-08-02,3.3779784080247994
2021-08-03,3.3836006956360514
2021-08-04,3.3884894822716802
2021-08-05,3.369408588247932
2021-08-06,3.379151762898874
2021-08-09,3.3820566052786774
2021-08-10,3.3945543969520853
2021-08-11,3.3900675374810914
2021-08-12,3.3890943482756737
2021-08-13,3.3749066607055034
2021-08-16,3.3463818955762212
2021-08-17,3.3416790331719413
2021-08-18,3.3416790331719413
2021-08-19,3.3416790331719413
2021-08-20,3.3416790331719413
2021-08-23,3.3415444021457565
2021-08-24,3.342478596842141
2021-08-25,3.340131730045122
2021-08-26,3.348392416712751
2021-08-27,3.3627642119509398
2021-08-30,3.3676600864927395
2021-08-31,3.3767971829916887
2021-09-01,3.3834610406398893
2021-09-02,3.380281698062748
2021-09-03,3.3850764747835753
2021-09-07,3.379725340191866
2021-09-08,3.38091938039719
2021-09-09,3.3998746826114026
2021-09-10,3.4195345839813984
2021-09-13,3.4329076013557334
2021-09-14,3.4383533992663735
2021-09-15,3.419072751711323
2021-09-16,3.4081266220363466
2021-09-17,3.3380169890280422
2021-09-20,3.357958929700029
2021-09-21,3.3592356447220193
2021-09-22,3.372387827335657
2021-09-23,3.346557729396726
2021-09-24,3.3174627452047742
2021-09-27,3.2735804450929593
2021-09-28,3.2908845165222878
2021-09-29,3.3086874095904393
2021-09-30,3.316148393486642
2021-10-01,3.3021139811029725
2021-10-04,3.314125806020092
2021-10-05,3.2830758090413825
2021-10-06,3.3089742892476495
2021-10-07,3.3189255429330977
2021-10-08,3.3033978891616473
2021-10-11,3.3144568020894396
2021-10-12,3.3297400205537477
2021-10-13,3.362697320331708
2021-10-14,3.3728328587352943
2021-10-15,3.369295075521406
2021-10-18,3.38061847208711
2021-10-19,3.3850923968352284
2021-10-20,3.381735090117186
2021-10-21,3.364288795316134
2021-10-22,3.382165690973667
2021-10-25,3.399124256214769
2021-10-26,3.4013864827274247
2021-10-27,3.4191769527429905
2021-10-28,3.411209001803207
2021-10-29,3.4203718620939165
2021-11-01,3.4078330186547485
2021-11-02,3.415754963784978
2021-11-03,3.4370705291443615
2021-11-04,3.4544602182204094
2021-11-05,3.4469759826232407
2021-11-08,3.461247070944234
2021-11-09,3.428174239127153
2021-11-10,3.4419887897416994
2021-11-11,3.4519262596499516
2021-11-12,3.4589597714696914
2021-11-15,3.450090764639938
2021-11-16,3.450487132677872
2021-11-17,3.453793377389142
2021-11-18,3.456147421920421
2021-11-19,3.4673495116960726
2021-11-22,3.4588151365874378
2021-11-23,3.442900883868514
2021-11-24,3.3956165187575973
2021-11-26,3.4277580079191736
2021-11-29,3.4134405093242353
2021-11-30,3.4530327320662804
2021-12-01,3.422538125195259
2021-12-02,3.4367804045653134
2021-12-03,3.4486220596199932
2021-12-06,3.4898199071993696
2021-12-07,3.488865075582291
2021-12-08,3.478292155503742
2021-12-09,3.4839707051583915
2021-12-10,3.482075024125358
2021-12-13,3.4504071435515757
2021-12-14,3.4476537816606
2021-12-15,3.454478647937176
2021-12-16,3.437142239153457
2021-12-17,3.415338151788539
2021-12-20,3.422566968842109
2021-12-21,3.429568278242456
2021-12-22,3.427690723937501
2021-12-23,3.4297424556098095
2021-12-27,3.432132872972196
2021-12-28,3.4340972269982224
2021-12-29,3.4257160940279676
2021-12-30,3.4267715095325597
2021-12-31,3.4694336950759492
2022-01-03,3.4780491702069867
2022-01-04,3.466726897388712
2022-01-05,3.4600959583819773
2022-01-06,3.4626092883410315
2022-01-07,3.4512177018239676
2022-01-10,3.4462927703028456
2022-01-11,3.4573981294107905
2022-01-12,3.46533786646423
2022-01-13,3.4548978037993074
2022-01-14,3.411290744835245
2022-01-18,3.4170204473715162
2022-01-19,3.4265543753125605
2022-01-20,3.405567030441139
2022-01-21,3.405567030441139
2022-01-24,3.3633119002016905
2022-01-25,3.3633119002016905
2022-01-26,3.3633119002016905
2022-01-27,3.3633119002016905
2022-01-28,3.3682134478087526
2022-01-31,3.36779217615012
2022-02-01,3.3894023759964083
2022-02-02,3.371224392768479
2022-02-03,3.3682079417519564
2022-02-04,3.3694608674916053
2022-02-07,3.3653299627470155
2022-02-08,3.3784808028447513
2022-02-09,3.3697798573598816
2022-02-10,3.3735374760877077
2022-02-11,3.3735374760877077
2022-02-14,3.3735374760877077
2022-02-15,3.36646413858605
2022-02-16,3.359478388689603
2022-02-17,3.359478388689603
2022-02-18,3.359478388689603
2022-02-22,3.359478388689603
2022-02-23,3.359478388689603
2022-02-24,3.359478388689603
2022-02-25,3.359478388689603
2022-02-28,3.359478388689603
2022-03-01,3.359478388689603
2022-03-02,3.359478388689603
2022-03-03,3.359478388689603
2022-03-04,3.359478388689603
2022-03-07,3.359478388689603
2022-03-08,3.359478388689603
2022-03-09,3.359478388689603
2022-03-10,3.359478388689603
2022-03-11,3.359478388689603
2022-03-14,3.359478388689603
2022-03-15,3.359478388689603
2022-03-16,3.359478388689603
2022-03-17,3.359478388689603
2022-03-18,3.3623746675917525
2022-03-21,3.3655728515594654
2022-03-22,3.358711020793457
2022-03-23,3.3660750023610007
2022-03-24,3.36397500639182
2022-03-25,3.3819677671876796
2022-03-28,3.386834939432078
2022-03-29,3.3819462153959656
2022-03-30,3.3731378719352842
2022-03-31,3.37505598651721
2022-04-01,3.37597506741893
2022-04-04,3.370189822159562
2022-04-05,3.3578186689649288
2022-04-06,3.3584685134666343
2022-04-07,3.3497422519517066
2022-04-08,3.329371725546548
2022-04-11,3.329371725546548
2022-04-12,3.329371725546548
2022-04-13,3.329371725546548
2022-04-14,3.329371725546548
2022-04-18,3.329371725546548
2022-04-19,3.329371725546548
2022-04-20,3.329371725546548
2022-04-21,3.329371725546548
2022-04-22,3.329371725546548
2022-04-25,3.329371725546548
2022-04-26,3.329371725546548
2022-04-27,3.329371725546548
2022-04-28,3.329371725546548
2022-04-29,3.329371725546548
2022-05-02,3.329371725546548
2022-05-03,3.329371725546548
2022-05-04,3.329371725546548
2022-05-05,3.329371725546548
2022-05-06,3.329371725546548
2022-05-09,3.329371725546548
2022-05-10,3.329371725546548
2022-05-11,3.329371725546548
2022-05-12,3.329371725546548
2022-05-13,3.329371725546548
2022-05-16,3.329371725546548
2022-05-17,3.329371725546548
2022-05-18,3.329371725546548
2022-05-19,3.329371725546548
2022-05-20,3.329371725546548
2022-05-23,3.329371725546548
2022-05-24,3.329371725546548
2022-05-25,3.329371725546548
2022-05-26,3.329371725546548
2022-05-27,3.329371725546548
2022-05-31,3.329371725546548
2022-06-01,3.329371725546548
2022-06-02,3.329371725546548
2022-06-03,3.329371725546548
2022-06-06,3.329371725546548
2022-06-07,3.329371725546548
2022-06-08,3.329371725546548
2022-06-09,3.329371725546548
2022-06-10,3.329371725546548
2022-06-13,3.329371725546548
2022-06-14,3.329371725546548
2022-06-15,3.329371725546548
2022-06-16,3.329371725546548
2022-06-17,3.329371725546548
2022-06-21,3.329371725546548
2022-06-22,3.329371725546548
2022-06-23,3.329371725546548
2022-06-24,3.329371725546548
2022-06-27,3.329371725546548
2022-06-28,3.329371725546548
2022-06-29,3.329371725546548
2022-06-30,3.329371725546548
2022-07-01,3.329371725546548
2022-07-05,3.329371725546548
2022-07-06,3.329371725546548
2022-07-07,3.329371725546548
2022-07-08,3.329371725546548
2022-07-11,3.329371725546548
2022-07-12,3.329371725546548
2022-07-13,3.329371725546548
2022-07-14,3.329371725546548
2022-07-15,3.329371725546548
2022-07-18,3.329371725546548
2022-07-19,3.329371725546548
2022-07-20,3.329371725546548
2022-07-21,3.329371725546548
2022-07-22,3.329371725546548
2022-07-25,3.329371725546548
2022-07-26,3.329371725546548
2022-07-27,3.329371725546548
2022-07-28,3.329371725546548
2022-07-29,3.329371725546548
2022-08-01,3.329371725546548
2022-08-02,3.329371725546548
2022-08-03,3.329371725546548
2022-08-04,3.329371725546548
2022-08-05,3.329371725546548
2022-08-08,3.329371725546548
2022-08-09,3.329371725546548
2022-08-10,3.329371725546548
2022-08-11,3.329371725546548
2022-08-12,3.329371725546548
2022-08-15,3.329371725546548
2022-08-16,3.3251660098784366
2022-08-17,3.3251660098784366
2022-08-18,3.3251660098784366
2022-08-19,3.3251660098784366
2022-08-22,3.3251660098784366
2022-08-23,3.3251660098784366
2022-08-24,3.3251660098784366
2022-08-25,3.3251660098784366
2022-08-26,3.3251660098784366
2022-08-29,3.3251660098784366
2022-08-30,3.3251660098784366
2022-08-31,3.3251660098784366
2022-09-01,3.3251660098784366
2022-09-02,3.3251660098784366
2022-09-06,3.3251660098784366
2022-09-07,3.3251660098784366
2022-09-08,3.3251660098784366
2022-09-09,3.3251660098784366
2022-09-12,3.3251660098784366
2022-09-13,3.3251660098784366
2022-09-14,3.3251660098784366
2022-09-15,3.3251660098784366
2022-09-16,3.3251660098784366
2022-09-19,3.3251660098784366
2022-09-20,3.3251660098784366
2022-09-21,3.3251660098784366
2022-09-22,3.3251660098784366
2022-09-23,3.3251660098784366
2022-09-26,3.3251660098784366
2022-09-27,3.3251660098784366
2022-09-28,3.3251660098784366
2022-09-29,3.3251660098784366
2022-09-30,3.3251660098784366
2022-10-03,3.3251660098784366
2022-10-04,3.3251660098784366
2022-10-05,3.3251660098784366
2022-10-06,3.3251660098784366
2022-10-07,3.3251660098784366
2022-10-10,3.3251660098784366
2022-10-11,3.3251660098784366
2022-10-12,3.3251660098784366
2022-10-13,3.3251660098784366
2022-10-14,3.3251660098784366
2022-10-17,3.3251660098784366
2022-10-18,3.3251660098784366
2022-10-19,3.3251660098784366
2022-10-20,3.3251660098784366
2022-10-21,3.3251660098784366
2022-10-24,3.3251660098784366
2022-10-25,3.3251660098784366
2022-10-26,3.3251660098784366
2022-10-27,3.3251660098784366
2022-10-28,3.3251660098784366
2022-10-31,3.3251660098784366
2022-11-01,3.3251660098784366
2022-11-02,3.3251660098784366
2022-11-03,3.3251660098784366
2022-11-04,3.3251660098784366
2022-11-07,3.3251660098784366
2022-11-08,3.3251660098784366
2022-11-09,3.3251660098784366
2022-11-10,3.3251660098784366
2022-11-11,3.3251660098784366
2022-11-14,3.3251660098784366
2022-11-15,3.3251660098784366
2022-11-16,3.3251660098784366
2022-11-17,3.3251660098784366
2022-11-18,3.3251660098784366
2022-11-21,3.3251660098784366
2022-11-22,3.3251660098784366
2022-11-23,3.3251660098784366
2022-11-25,3.3251660098784366
2022-11-28,3.3251660098784366
2022-11-29,3.3251660098784366
2022-11-30,3.3251660098784366
2022-12-01,3.3251660098784366
2022-12-02,3.3251660098784366
2022-12-05,3.3251660098784366
2022-12-06,3.3251660098784366
2022-12-07,3.3251660098784366
2022-12-08,3.3251660098784366
2022-12-09,3.3251660098784366
2022-12-12,3.3251660098784366
2022-12-13,3.3218861159764126
2022-12-14,3.3218861159764126
2022-12-15,3.3218861159764126
2022-12-16,3.3218861159764126
2022-12-19,3.3218861159764126
2022-12-20,3.3218861159764126
2022-12-21,3.3218861159764126
2022-12-22,3.3218861159764126
2022-12-23,3.3218861159764126
2022-12-27,3.3218861159764126
2022-12-28,3.3218861159764126
2022-12-29,3.3218861159764126
2022-12-30,3.3218861159764126
2023-01-03,3.3218861159764126
2023-01-04,3.3218861159764126
2023-01-05,3.3218861159764126
2023-01-06,3.3218861159764126
2023-01-09,3.3218861159764126
2023-01-10,3.3218861159764126
2023-01-11,3.3202880788311666
2023-01-12,3.3174222479732234
2023-01-13,3.314807831724969
2023-01-17,3.3215767415594013
2023-01-18,3.3215767415594013
2023-01-19,3.3215767415594013
2023-01-20,3.32874132532984
2023-01-23,3.3171491454645086
2023-01-24,3.2965946331741907
2023-01-25,3.3160290718873595
2023-01-26,3.2995230216564093
2023-01-27,3.2766441233271495
2023-01-30,3.255253499801965
2023-01-31,3.2588103328151217
2023-02-01,3.2802808651253557
2023-02-02,3.233365616570592
2023-02-03,3.1986830340773524
2023-02-06,3.205917911475487
2023-02-07,3.1860643197500016
2023-02-08,3.2289027196303772
2023-02-09,3.205078620577806
2023-02-10,3.2167358419996406
2023-02-13,3.1993248506333747
2023-02-14,3.159372518093678
2023-02-15,3.1116141862443176
2023-02-16,3.090909521664708
2023-02-17,3.0590738158057564
2023-02-21,3.062355838520711
2023-02-22,3.0854940467982037
2023-02-23,3.0454326877372573
2023-02-24,3.054746817250244
2023-02-27,3.0476811782387268
2023-02-28,3.05199302530947
2023-03-01,3.0434486904549733
2023-03-02,3.043503068435975
2023-03-03,3.05826941661764
2023-03-06,3.065701613583834
2023-03-07,3.069477854679163
2023-03-08,3.070054541097766
2023-03-09,3.0669321148680777
2023-03-10,3.0669321148680777
2023-03-13,3.0669321148680777
2023-03-14,3.04201396087491
2023-03-15,3.04201396087491
2023-03-16,3.0418058649779076
2023-03-17,3.036020257602262
2023-03-20,3.060859302724267
2023-03-21,3.0617251915761154
2023-03-22,3.1128471665666795
2023-03-23,3.0979864834949624
2023-03-24,3.0924827958392944
2023-03-27,3.0840899605839915
2023-03-28,3.1158359895518264
2023-03-29,3.1329714669452193
2023-03-30,3.103898681497174
2023-03-31,3.077784219496296
2023-04-03,3.0810473024765512
2023-04-04,3.0602939752854557
2023-04-05,3.0418930975286655
2023-04-06,3.022392231019756
2023-04-10,3.023169019850498
2023-04-11,3.0387467329612954
2023-04-12,3.0526813546491742
2023-04-13,3.0412304818461546
2023-04-14,3.0236770902176624
2023-04-17,3.0466293448093618
2023-04-18,3.013642798348909
2023-04-19,2.9901499078934046
2023-04-20,2.977471653872171
2023-04-21,2.9667442293752697
2023-04-24,2.9524099605232244
2023-04-25,2.9524099605232244
2023-04-26,2.9524099605232244
2023-04-27,2.9524099605232244
2023-04-28,2.950656444770136
2023-05-01,2.942119511822824
2023-05-02,2.94028970686122
2023-05-03,2.9361302152444484
2023-05-04,2.9397028826920857
2023-05-05,2.9321037835118413
2023-05-08,2.9157229481470597
2023-05-09,2.9387738373366066
2023-05-10,2.9500958363275545
2023-05-11,2.952127139009643
2023-05-12,2.96082054471838
2023-05-15,2.954155959950008
2023-05-16,2.9739295929079184
2023-05-17,2.981293782992519
2023-05-18,2.976985133777257
2023-05-19,2.9547172393388093
2023-05-22,2.9428412583834382
2023-05-23,2.9170309683956575
2023-05-24,3.0153389590282402
2023-05-25,3.0278079530353015
2023-05-26,3.051650812285267
2023-05-30,3.0242050889107266
2023-05-31,3.0241538043797487
2023-06-01,3.039548524640765
2023-06-02,3.04047703860568
2023-06-05,3.0322552399975558
2023-06-06,3.0407745168521605
2023-06-07,3.0348182783039226
2023-06-08,3.0618085303172173
2023-06-09,3.083635390670818
2023-06-12,3.1106043537319117
2023-06-13,3.113824273065515
2023-06-14,3.092040192419302
2023-06-15,3.1159991081916636
2023-06-16,3.103124549235416
2023-06-20,3.095711231538822
2023-06-21,3.078042608273736
2023-06-22,3.0486472666800504
2023-06-23,3.0363087596853005
2023-06-26,3.0363087596853005
2023-06-27,3.004289516379908
2023-06-28,3.0124280248202586
2023-06-29,3.0453098652220145
2023-06-30,3.067364742891697
2023-07-03,3.0498099534121192
2023-07-05,3.0125271107814986
2023-07-06,3.015394649491162
2023-07-07,3.0158197366950463
2023-07-10,3.0194981356354123
2023-07-11,3.058983178823179
2023-07-12,3.088586588669136
2023-07-13,3.0926203361105165
2023-07-14,3.1026726366264263
2023-07-17,3.091889565584049
2023-07-18,3.107591825114291
2023-07-19,3.085254864661193
2023-07-20,3.1077713458850176
2023-07-21,3.114542126337535
2023-07-24,3.1297205411066122
2023-07-25,3.115958609761066
2023-07-26,3.165034975629763
2023-07-27,3.199476005001228
2023-07-28,3.194594293733167
2023-07-31,3.180510805908589
2023-08-01,3.1416628632463985
2023-08-02,3.1181798307703716
2023-08-03,3.1386963730812036
2023-08-04,3.149904997425563
2023-08-07,3.1192803045703044
2023-08-08,3.1235115652392107
2023-08-09,3.146234413373675
2023-08-10,3.113356375001524
2023-08-11,3.0978398508501415
2023-08-14,3.0913816522029696
2023-08-15,3.07908928004427
2023-08-16,3.0918385113958955
2023-08-17,3.0447250556868575
2023-08-18,3.0651500370717097
2023-08-21,3.1011696346188447
2023-08-22,3.1071568633408124
2023-08-23,3.150149442646394
2023-08-24,3.1502722541080357
2023-08-25,3.1855936160375333
2023-08-28,3.176613070308274
2023-08-29,3.1775040317786396
2023-08-30,3.1711064148610024
2023-08-31,3.1939077672051828
2023-09-01,3.185781978039788
2023-09-05,3.1775024160855496
2023-09-06,3.1141295654897854
2023-09-07,3.1118903196588867
2023-09-08,3.1575692109939313
2023-09-11,3.137071022633544
2023-09-12,3.140923020861053
2023-09-13,3.163323885739369
2023-09-14,3.15274933206935
2023-09-15,3.133014835356527
2023-09-18,3.120333459555204
2023-09-19,3.1277735160070272
2023-09-20,3.078309532691997
2023-09-21,3.0991372433010986
2023-09-22,3.0851250682757834
2023-09-25,3.056788027804664
2023-09-26,3.066671356953776
2023-09-27,3.0608146904096865
2023-09-28,3.091939714085194
2023-09-29,3.090549176538257
2023-10-02,3.066073100092837
2023-10-03,3.072032430470555
2023-10-04,3.067434468710037
2023-10-05,3.0377286035545445
2023-10-06,3.0078634163534717
2023-10-09,3.007348844206527
2023-10-10,3.020936385696415
2023-10-11,3.0229157442619896
2023-10-12,3.0268027769156403
2023-10-13,3.0306048300737447
2023-10-16,2.97939758819887
2023-10-17,2.951151941746633
2023-10-18,2.96862326721358
2023-10-19,2.9683100875315813
2023-10-20,2.956929067304557
2023-10-23,2.9662881258350353
2023-10-24,2.9549286029301545
2023-10-25,2.9549286029301545
2023-10-26,2.9549286029301545
2023-10-27,2.9549286029301545
2023-10-30,2.9549286029301545
2023-10-31,2.9549286029301545
2023-11-01,2.9827175605803067
2023-11-02,2.999474527711566
2023-11-03,3.008685718249128
2023-11-06,3.0105891888312453
2023-11-07,3.015763299600293
2023-11-08,3.024110624810737
2023-11-09,3.040058327657631
2023-11-10,3.023833937068485
2023-11-13,3.083974661964005
2023-11-14,3.1014328934846427
2023-11-15,3.088495212432836
2023-11-16,3.080036034652185
2023-11-17,3.0787157262387193
2023-11-20,3.0607157088274057
2023-11-21,3.0766175180380486
2023-11-22,3.068606237265692
2023-11-24,3.06278365908753
2023-11-27,3.048349168771517
2023-11-28,3.0705349133083346
2023-11-29,3.0703856558412532
2023-11-30,3.051770611804074
2023-12-01,3.0110917405218904
2023-12-04,2.9929872977552474
2023-12-05,3.025238313131269
2023-12-06,3.0583469837075783
2023-12-07,3.04338116515498
2023-12-08,3.033253436565084
2023-12-11,3.0135376717346665
2023-12-12,3.0136251971173547
2023-12-13,3.0283927952352965
2023-12-14,3.031119348394014
2023-12-15,3.034326989112749
2023-12-18,3.0344295743776186
2023-12-19,3.0312087248863238
2023-12-20,3.0624444805046473
2023-12-21,3.071602427020847
2023-12-22,3.07938587115778
2023-12-26,3.087511529865944
2023-12-27,3.099255361820163
2023-12-28,3.103971049800276
2023-12-29,3.068187456478117
2024-01-02,3.039416991124628
2024-01-03,3.030458182314759
2024-01-04,3.0294223552383293
2024-01-05,3.0450018102489804
2024-01-08,3.0213167235517218
2024-01-09,3.0284617921377888
2024-01-10,3.0386373377868283
2024-01-11,3.040261434188836
2024-01-12,3.0432582313790157
2024-01-16,3.024160569715925
2024-01-17,3.0674825840814037
2024-01-18,3.094396916278653
2024-01-19,3.1069186345374513
2024-01-22,3.108607843156485
2024-01-23,3.1369194083925707
2024-01-24,3.1584256388883754
2024-01-25,3.1421584417154427
2024-01-26,3.1481469971518194
2024-01-29,3.145774429462816
2024-01-30,3.115420364653277
2024-01-31,3.1222862329886527
2024-02-01,3.1340391118128923
2024-02-02,3.1470853874026674
2024-02-05,3.153976597014341
2024-02-06,3.1620243416716933
2024-02-07,3.165473211342149
2024-02-08,3.1680106916573423
2024-02-09,3.168658567699263
2024-02-12,3.1185557776369985
2024-02-13,3.137070187220968
2024-02-14,3.14126156162175
2024-02-15,3.1443714236805786
2024-02-16,3.1305814917276504
2024-02-20,3.118444031262193
2024-02-21,3.1746671945208056
2024-02-22,3.1825886478291494
2024-02-23,3.1963594387273884
2024-02-26,3.2057033350129487
2024-02-27,3.1985013743652306
2024-02-28,3.207683359152574
2024-02-29,3.2167044165166883
2024-03-01,3.2171409846978753
2024-03-04,3.2028091724616683
2024-03-05,3.2124951915298894
2024-03-06,3.2338436579768928
2024-03-07,3.2363196544943924
2024-03-08,3.224142029918668
2024-03-11,3.231174235414072
2024-03-12,3.231328202801483
2024-03-13,3.238155255596511
2024-03-14,3.230036551086298
2024-03-15,3.2501757570990177
2024-03-18,3.245477689439488
2024-03-19,3.2498159265973263
2024-03-20,3.2604443824061664
2024-03-21,3.2586711626884957
2024-03-22,3.2374231031655696
2024-03-25,3.246096428066144
2024-03-26,3.2588274276065743
2024-03-27,3.2558085226161
2024-03-28,3.2578902366744575
2024-04-01,3.2280255486550793
2024-04-02,3.2177865433538697
2024-04-03,3.235807656500948
2024-04-04,3.2491454810651295
2024-04-05,3.256162063465735
2024-04-08,3.2776044396617605
2024-04-09,3.250649010429389
2024-04-10,3.2623131610153897
2024-04-11,3.22205715684127
2024-04-12,3.2502133721041773
2024-04-15,3.2485508321031653
2024-04-16,3.26682402492346
2024-04-17,3.27707294223053
2024-04-18,3.262830342159539
2024-04-19,3.2879997932382445
2024-04-22,3.3160038809574646
2024-04-23,3.337513181162579
2024-04-24,3.3222895628667133
2024-04-25,3.329834649719161
2024-04-26,3.3322693484597257
2024-04-29,3.3274679125333875
2024-04-30,3.3244512258911043
2024-05-01,3.3341501139866234
2024-05-02,3.363160826671551
2024-05-03,3.382248074655665
2024-05-06,3.3808766177042675
2024-05-07,3.3783511488558875
2024-05-08,3.375450621126177
2024-05-09,3.398472774319063
2024-05-10,3.4048305465747446
2024-05-13,3.400832156152874
2024-05-14,3.4160452285871057
2024-05-15,3.415635284547465
2024-05-16,3.4335709253823508
2024-05-17,3.444944985373419
2024-05-20,3.415290219404447
2024-05-21,3.4261149169099707
2024-05-22,3.470976117788178
2024-05-23,3.4810203800874824
2024-05-24,3.502690756059258
2024-05-28,3.4614036131383648
2024-05-29,3.4494800947336004
2024-05-30,3.4509572295271296
2024-05-31,3.5009568534337077
2024-06-03,3.4939171562779143
2024-06-04,3.541258183321809
2024-06-05,3.5453685553551755
2024-06-06,3.5457343843671345
2024-06-07,3.530967683910424
2024-06-10,3.5294176630276954
2024-06-11,3.5758054144283897
2024-06-12,3.5901772761489608
2024-06-13,3.5761665279907264
2024-06-14,3.5918665596943518
2024-06-17,3.602459060862448
2024-06-18,3.6326954181025024
2024-06-20,3.630093276978861
2024-06-21,3.621916275899608
2024-06-24,3.623816585752154
2024-06-25,3.6161286776728043
2024-06-26,3.6157931132649495
2024-06-27,3.613766669269076
2024-06-28,3.6149090269918904
2024-07-01,3.610150915828607
2024-07-02,3.6112403736625662
2024-07-03,3.613356025256633
2024-07-05,3.629396963458414
2024-07-08,3.640118764613848
2024-07-09,3.6639254589170758
2024-07-10,3.6615788915439524
2024-07-11,3.6485459442040375
2024-07-12,3.6658682039736408
2024-07-15,3.6803530628754495
2024-07-16,3.58165702616138
2024-07-17,3.5885328182086025
2024-07-18,3.584326660073973
2024-07-19,3.6022815036847615
2024-07-22,3.603433528443714
2024-07-23,3.574855117051207
2024-07-24,3.5706997062814665
2024-07-25,3.5825710281652996
2024-07-26,3.591763387640448
2024-07-29,3.597861045638176
2024-07-30,3.6335767937108394
2024-07-31,3.6306989795518736
2024-08-01,3.617201886701649
2024-08-02,3.5755828434941317
2024-08-05,3.5756194760784195
2024-08-06,3.582162777524746
2024-08-07,3.5855579638424597
2024-08-08,3.5809444683724383
2024-08-09,3.582289077679305
2024-08-12,3.5846179290564315
2024-08-13,3.5806314218628583
2024-08-14,3.5885621326813406
2024-08-15,3.5836057733638818
2024-08-16,3.5873806065076517
2024-08-19,3.586624251535384
2024-08-20,3.5821406156601037
2024-08-21,3.5912315119132194
2024-08-22,3.599086102908443
2024-08-23,3.5993996447302754
2024-08-26,3.594157833381928
2024-08-27,3.5948406361175715
2024-08-28,3.6155291877136144
2024-08-29,3.6370951683082806
2024-08-30,3.619838252017992
2024-09-03,3.61180325473081
2024-09-04,3.6195122051284643
2024-09-05,3.631449693108207
2024-09-06,3.653694309311368
2024-09-09,3.6589242598814784
2024-09-10,3.6664266030712325
2024-09-11,3.665979422621523
2024-09-12,3.660750849355182
2024-09-13,3.6429492555791025
2024-09-16,3.658657644424021
2024-09-17,3.6674820952979545
2024-09-18,3.739054948399875
2024-09-19,3.738910463411169
2024-09-20,3.7515340718517054
2024-09-23,3.7750342121665064
2024-09-24,3.77025587052102
2024-09-25,3.8103140884312845
2024-09-26,3.817209254074007
2024-09-27,3.8041420128568246
2024-09-30,3.807134950434663
2024-10-01,3.788733693899151
2024-10-02,3.7756575894056006
2024-10-03,3.823897017098297
2024-10-04,3.8158482306930646
2024-10-07,3.841771527830753
2024-10-08,3.8434571914827433
2024-10-09,3.819529992301005
2024-10-10,3.781419642746242
2024-10-11,3.799335677649898
2024-10-14,3.800864588965197
2024-10-15,3.80844911920655
2024-10-16,3.8404221917020918
2024-10-17,3.857837504722348
2024-10-18,3.8475855800840923
2024-10-21,3.828954218815643
2024-10-22,3.815959213442465
2024-10-23,3.8247278200031873
2024-10-24,3.840430226367459
2024-10-25,3.8537982123604433
2024-10-28,3.8555373833095423
2024-10-29,3.837105901763657
2024-10-30,3.8240045242554443
2024-10-31,3.824559130047148
2024-11-01,3.824143394212454
2024-11-04,3.8364057338311244
2024-11-05,3.864244048799306
2024-11-06,3.8837149829384683
2024-11-07,3.875458092166713
2024-11-08,3.8694532715133336
2024-11-11,3.875477335702366
2024-11-12,3.868559559007043
2024-11-13,3.870179463912167
2024-11-14,3.843594192666966
2024-11-15,3.840046346240565
2024-11-18,3.8388825770171695
2024-11-19,3.8357218485066022
2024-11-20,3.8443070461071756
2024-11-21,3.8469336999607058
2024-11-22,3.8526552955578004
2024-11-25,3.8591420208561424
2024-11-26,3.844438185761501
2024-11-27,3.846380060614038
2024-11-29,3.859439864574153
2024-12-02,3.850425412451144
2024-12-03,3.8716353335634093
2024-12-04,3.8781752951870283
2024-12-05,3.878050024954934
2024-12-06,3.866045905945526
2024-12-09,3.884228230599063
2024-12-10,3.9288222208046424
2024-12-11,3.921155263451522
2024-12-12,3.940377756716291
2024-12-13,3.9559027291038373
2024-12-16,3.9525636215915467
2024-12-17,3.9513071825452784
2024-12-18,3.990513373383739
2024-12-19,3.9601908720847194
2024-12-20,3.985512093641025
2024-12-23,3.9906706889438093
2024-12-24,3.9859861375877568
2024-12-26,3.9693898131405607
2024-12-27,3.925150895854505
2024-12-30,3.934764219911053
2024-12-31,3.9273175303527466
2025-01-02,3.943619919585364
2025-01-03,3.9917801573775082
2025-01-06,3.996333142074134
2025-01-07,3.994939855973133
2025-01-08,3.9789282856060573
2025-01-10,3.9187110787927795
2025-01-13,3.943193013157574
2025-01-14,3.983429364113251
2025-01-15,3.992407836660247
2025-01-16,4.052885885255319
2025-01-17,4.069044831870128
2025-01-21,4.1023143955763715
2025-01-22,4.0841511195498645
2025-01-23,4.099478177954792
2025-01-24,3.87673205943074
2025-01-27,3.87673205943074
2025-01-28,3.877093118630779
2025-01-29,3.8820767876945865
2025-01-30,3.886822394945467
2025-01-31,3.8485936958434888
2025-02-03,3.8502459863571827
2025-02-04,3.842874716669744
2025-02-05,3.8381131465653358
2025-02-06,3.836402034612363
2025-02-07,3.835526047761094
2025-02-10,3.8251088415101813
2025-02-11,3.8251088415101813
2025-02-12,3.8251088415101813
2025-02-13,3.8251088415101813
2025-02-14,3.8245327559740216
2025-02-18,3.8168370408744514
2025-02-19,3.8132624888772018
2025-02-20,3.8135767361880806
2025-02-21,3.815215514713878
2025-02-24,3.8102474058847156
2025-02-25,3.8208664411391213
2025-02-26,3.834450512732994
2025-02-27,3.825607607592033
2025-02-28,3.8487995626530456
2025-03-03,3.8249339695605378
2025-03-04,3.833530575616667
2025-03-05,3.807646054401011
2025-03-06,3.8054331427554295
2025-03-07,3.7888110312060124
2025-03-10,3.7888110312060124
2025-03-11,3.7888110312060124
2025-03-12,3.7888110312060124
2025-03-13,3.7888110312060124
2025-03-14,3.7888110312060124
2025-03-17,3.7888110312060124
2025-03-18,3.7888110312060124
2025-03-19,3.7888110312060124
2025-03-20,3.7888110312060124
2025-03-21,3.7888110312060124
2025-03-24,3.7879462909841015
2025-03-25,3.7845754472702375
2025-03-26,3.7845754472702375
2025-03-27,3.7845754472702375
2025-03-28,3.7845754472702375
2025-03-31,3.7845754472702375
2025-04-01,3.7845754472702375
2025-04-02,3.7845754472702375
2025-04-03,3.7845754472702375
2025-04-04,3.7845754472702375
2025-04-07,3.7845754472702375
2025-04-08,3.7845754472702375
2025-04-09,3.7845754472702375
2025-04-10,3.7845754472702375
2025-04-11,3.7845754472702375
2025-04-14,3.7845754472702375
2025-04-15,3.7845754472702375
2025-04-16,3.7845754472702375
2025-04-17,3.7845754472702375
2025-04-21,3.7845754472702375
2025-04-22,3.7845754472702375
2025-04-23,3.7845754472702375
2025-04-24,3.7845754472702375
2025-04-25,3.7845754472702375
2025-04-28,3.7845754472702375
2025-04-29,3.7845754472702375
2025-04-30,3.7845754472702375
2025-05-01,3.7845754472702375
2025-05-02,3.7845754472702375
2025-05-05,3.7845754472702375
2025-05-06,3.7845754472702375
2025-05-07,3.7845754472702375
2025-05-08,3.7845754472702375
2025-05-09,3.7845754472702375
2025-05-12,3.78908702106455
2025-05-13,3.8046290474136453
2025-05-14,3.779463640255881
2025-05-15,3.785488677203538
2025-05-16,3.7185788744794994
2025-05-19,3.703240055379133
2025-05-20,3.6838114641826225
2025-05-21,3.675903511266975
2025-05-22,3.6232879662436934
2025-05-23,3.6232879662436934
2025-05-27,3.625785657890157
2025-05-28,3.668205482188254
2025-05-29,3.6559665175653993
2025-05-30,3.6484214991406687
2025-06-02,3.657044048720654
2025-06-03,3.671092600991627
2025-06-04,3.679305897754526
2025-06-05,3.7034325871594427
2025-06-06,3.713980866088892
2025-06-09,3.7338126263253604
2025-06-10,3.7589900517829515
2025-06-11,3.7385901436714883
2025-06-12,3.683971845404986
2025-06-13,3.7177668374375
2025-06-16,3.704324745277791
2025-06-17,3.711663481817246
2025-06-18,3.7408208682659443
2025-06-20,3.744243650466073
2025-06-23,3.7989614724723872
2025-06-24,3.8187767636617433
2025-06-25,3.834721463416616
2025-06-26,3.837419137446361
2025-06-27,3.853366555662552
2025-06-30,3.809161242022962
2025-07-01,3.7978416031754025
2025-07-02,3.81729532982407
2025-07-03,3.767222934969278
2025-07-07,3.7919417578330807
2025-07-08,3.8103025532670323
2025-07-09,3.832745289399742
2025-07-10,3.8155212988498275
2025-07-11,3.797163044407227
2025-07-14,3.864769432623145
2025-07-15,3.862088272606153
2025-07-16,3.8598877410938393
2025-07-17,3.872160901268557
2025-07-18,3.8787154852817833
2025-07-21,3.8782851870335358
2025-07-22,3.8943490109304273
2025-07-23,3.9156204789456583
2025-07-24,3.9158410524410097
2025-07-25,3.9258612338587735
2025-07-28,3.940626730986815
2025-07-29,3.9422711682513087
2025-07-30,3.9539979581169624
2025-07-31,3.8877760163167583
2025-08-01,3.918926617614279
2025-08-04,3.922945450192589
2025-08-05,3.9135439865584734
2025-08-06,3.970740751751524
2025-08-07,3.9808884453410296
2025-08-08,3.9961946129680137
2025-08-11,4.020790453608745
2025-08-12,4.0463074813265605
2025-08-13,4.014626842738642
2025-08-14,4.009123685139015
2025-08-15,4.004960363311042
2025-08-18,3.987090480118694
2025-08-19,3.963214286315842
2025-08-20,3.963214286315842
2025-08-21,3.963214286315842
2025-08-22,3.963214286315842
2025-08-25,3.9708238352780385
2025-08-26,3.9610816498638797
2025-08-27,3.967604081012049
2025-08-28,3.951371465879981
2025-08-29,3.870923564876842
2025-09-02,3.923987901860111
2025-09-03,3.9238121771486205
2025-09-04,3.9399424948239674
2025-09-05,3.9472610880960537
2025-09-08,3.959493140372923
2025-09-09,4.032476688128604
2025-09-10,4.063338760836074
2025-09-11,4.084098694580625
2025-09-12,4.119007277237693
2025-09-15,4.134200938350075
2025-09-16,4.121446644059405
2025-09-17,4.126995384330163
2025-09-18,4.122853931318299
2025-09-19,4.130383314634179
2025-09-22,4.1512060622287486
2025-09-23,4.163727501178744
2025-09-24,4.1090993039836174
2025-09-25,4.1140321720673665
2025-09-26,4.139577267706811
2025-09-29,4.140661475429695
2025-09-30,4.112563304814819
2025-10-01,4.1730780658618585
2025-10-02,4.191063385258988
2025-10-03,4.360155750793197
2025-10-06,4.370184800960168
2025-10-07,4.381353696971579
2025-10-08,4.366646062522615
2025-10-09,4.368066450993317
2025-10-10,4.506743579261774
2025-10-13,4.444651854950472
2025-10-14,4.504211566925504
2025-10-15,4.534774409444487
2025-10-16,4.505333137549975
2025-10-17,4.5450205911724755
2025-10-20,4.536879376847097
2025-10-21,4.551296269349402
2025-10-22,4.553268110932786
2025-10-23,4.596229548046329
2025-10-24,4.669790379755205
2025-10-27,4.6926156617016686
2025-10-28,4.734021801127189
2025-10-29,4.711442982899494
2025-10-30,4.746231781162844
2025-10-31,4.793183430587749
2025-11-03,4.70009117403062
2025-11-04,4.717856832471463
2025-11-05,4.717109733098616
2025-11-06,4.67681118062029
2025-11-07,4.768062436830516
2025-11-10,4.730679977379793
2025-11-11,4.760980286309136
2025-11-12,4.724840703299603
2025-11-13,4.6342026429569545
2025-11-14,4.613049201309787
2025-11-17,4.57549682226101
2025-11-18,4.573654548186929
2025-11-19,4.573654548186929
2025-11-20,4.573654548186929
2025-11-21,4.573654548186929
2025-11-24,4.552662346364569
2025-11-25,4.585350574399916
2025-11-26,4.589813594495903
2025-11-28,4.5484634462930655
2025-12-01,4.563515786128426
2025-12-02,4.54811515402728
2025-12-03,4.559485570729846
2025-12-04,4.5783128159232085
2025-12-05,4.6032854974739
2025-12-08,4.584822748195361
2025-12-09,4.57878031065921
2025-12-10,4.544454926725895
2025-12-11,4.528117367739442
2025-12-12,4.5746420507558065
2025-12-15,4.547638219665797
2025-12-16,4.556181697533827
2025-12-17,4.6347948324498915
2025-12-18,4.664414917725335
2025-12-19,4.7372794530566305
2025-12-22,4.726558608316064
2025-12-23,4.729954404558694
2025-12-24,4.742254923825722
2025-12-26,4.696028872808517
2025-12-29,4.69467694983814
2025-12-30,4.707267811352684
2025-12-31,4.782052492625303
2026-01-02,4.86168865248628
2026-01-05,4.886145050683656
2026-01-06,4.881627409956804
2026-01-07,4.887020709792876
2026-01-08,4.902300349988416
2026-01-09,4.868595688604745
2026-01-12,4.890199756511143
2026-01-13,4.855180730117299
2026-01-14,4.896814145397512
2026-01-15,4.92488289367595
2026-01-16,4.852491094702528
2026-01-20,4.892132969940451
2026-01-21,4.949311817989682
2026-01-22,4.964275390746177
2026-01-23,4.9495173295301145
2026-01-26,4.9999788456992755
2026-01-27,5.045230493332394
2026-01-28,5.053189975893362
2026-01-29,5.026283039555148
2026-01-30,4.98907323925536
2026-02-02,5.016476515908886
2026-02-03,5.002758446724382
2026-02-04,4.996728289045101
2026-02-05,5.044612741729795
2026-02-06,5.012444695979746
2026-02-09,5.0193197602259225
2026-02-10,5.088365559954912
2026-02-11,5.108941506835367
2026-02-12,5.102952802498692
2026-02-13,5.065207619908921
2026-02-17,5.070661903751628
2026-02-18,5.052611856493336
2026-02-19,5.039964666161014
2026-02-20,5.0313010189806935
2026-02-23,5.067891515411436
2026-02-24,5.098989933291556
2026-02-25,5.076903173536546
2026-02-26,5.014963910455534
2026-02-27,4.930276104984813
2026-03-02,4.801461672930981
2026-03-03,4.83664561851751
2026-03-04,4.813103717494412
2026-03-05,4.731314736295382
2026-03-06,4.680272380675937
2026-03-09,4.68678254364173
2026-03-10,4.715006972398294
2026-03-11,4.663502364734052
2026-03-12,4.700897480365935
2026-03-13,4.748684703239963
2026-03-16,4.76968132625535
2026-03-17,4.761464462297272
2026-03-18,4.717887925177114
2026-03-19,4.705482412840786
2026-03-20,4.705482412840786
2026-03-23,4.705482412840786
2026-03-24,4.705482412840786
2026-03-25,4.705482412840786
2026-03-26,4.705482412840786
2026-03-27,4.705482412840786
2026-03-30,4.705482412840786
2026-03-31,4.705482412840786
2026-04-01,4.705482412840786
2026-04-02,4.705482412840786
2026-04-06,4.705482412840786
2026-04-07,4.705482412840786
2026-04-08,4.706668510934683
2026-04-09,4.720781098282529
2026-04-10,4.709401382582041
2026-04-13,4.720810337694294
2026-04-14,4.729983465230674
2026-04-15,4.736996918548468
2026-04-16,4.753896225473106
2026-04-17,4.754231589332053
2026-04-20,4.7549807010485114
2026-04-21,4.776743715013135
2026-04-22,4.779023541769872
2026-04-23,4.832367008881948
2026-04-24,4.836553777968585
2026-04-27,4.767006139225079
2026-04-28,4.7898976817318255
2026-04-29,4.826238422822522
2026-04-30,4.8157559761094255
2026-05-01,4.838335996559537
2026-05-04,4.8805726925703325
2026-05-05,4.922986255263007
2026-05-06,4.909218575146175
2026-05-07,4.9529898505588905
2026-05-08,4.939884137815663
2026-05-11,4.925629691149151
2026-05-12,4.9331849352936565
2026-05-13,4.943766470260631
2026-05-14,4.917593435587819
2026-05-15,4.910802615249071
2026-05-18,4.883467168832059
2026-05-19,4.886275181101775
2026-05-20,4.881556549325848
2026-05-21,4.896623983759569
2026-05-22,4.923014173238539
2026-05-26,4.955516687944636
2026-05-27,4.949917742923269
2026-05-28,4.956726079134682
2026-05-29,4.958282363184855
2026-06-01,4.985333395625418
2026-06-02,4.981492789581319
2026-06-03,4.967845461820542
2026-06-04,4.917412611156546
