date,net_pnl
2010-01-04,0.0
2010-01-05,0.0
2010-01-06,0.0
2010-01-07,0.0
2010-01-08,0.0
2010-01-11,0.0
2010-01-12,0.0
2010-01-13,0.0
2010-01-14,0.0
2010-01-15,0.0
2010-01-19,0.0
2010-01-20,0.0
2010-01-21,0.0
2010-01-22,0.0
2010-01-25,0.0
2010-01-26,0.0
2010-01-27,0.0
2010-01-28,0.0
2010-01-29,0.0
2010-02-01,0.0
2010-02-02,0.0
2010-02-03,0.0
2010-02-04,0.0
2010-02-05,0.0
2010-02-08,0.0
2010-02-09,0.0
2010-02-10,0.0
2010-02-11,0.0
2010-02-12,0.0
2010-02-16,0.0
2010-02-17,0.0
2010-02-18,0.0
2010-02-19,0.0
2010-02-22,0.0
2010-02-23,0.0
2010-02-24,0.0
2010-02-25,0.0
2010-02-26,0.0
2010-03-01,0.0
2010-03-02,0.0
2010-03-03,0.0
2010-03-04,0.0
2010-03-05,0.0
2010-03-08,0.0
2010-03-09,0.0
2010-03-10,0.0
2010-03-11,0.0
2010-03-12,0.0
2010-03-15,0.0
2010-03-16,0.0
2010-03-17,0.0
2010-03-18,0.0
2010-03-19,0.0
2010-03-22,0.0
2010-03-23,0.0
2010-03-24,0.0
2010-03-25,0.0
2010-03-26,0.0
2010-03-29,0.0
2010-03-30,0.0
2010-03-31,0.0
2010-04-01,0.0
2010-04-05,0.0
2010-04-06,0.0
2010-04-07,0.0
2010-04-08,0.0
2010-04-09,0.0
2010-04-12,0.0
2010-04-13,0.0
2010-04-14,0.0
2010-04-15,0.0
2010-04-16,0.0
2010-04-19,0.0
2010-04-20,0.0
2010-04-21,0.0
2010-04-22,0.0
2010-04-23,0.0
2010-04-26,0.0
2010-04-27,0.0
2010-04-28,0.0
2010-04-29,0.0
2010-04-30,0.0
2010-05-03,0.0
2010-05-04,0.0
2010-05-05,0.0
2010-05-06,0.0
2010-05-07,0.0
2010-05-10,0.0
2010-05-11,0.0
2010-05-12,0.0
2010-05-13,0.0
2010-05-14,0.0
2010-05-17,0.0
2010-05-18,0.0
2010-05-19,0.0
2010-05-20,0.0
2010-05-21,0.0
2010-05-24,0.0
2010-05-25,0.0
2010-05-26,0.0
2010-05-27,0.0
2010-05-28,0.0
2010-06-01,0.0
2010-06-02,0.0
2010-06-03,0.0
2010-06-04,0.0
2010-06-07,0.0
2010-06-08,0.0
2010-06-09,0.0
2010-06-10,0.0
2010-06-11,0.0
2010-06-14,0.0
2010-06-15,0.0
2010-06-16,0.0
2010-06-17,0.0
2010-06-18,0.0
2010-06-21,0.0
2010-06-22,0.0
2010-06-23,0.0
2010-06-24,0.0
2010-06-25,0.0
2010-06-28,0.0
2010-06-29,0.0
2010-06-30,0.0
2010-07-01,0.0
2010-07-02,0.0
2010-07-06,0.0
2010-07-07,0.0
2010-07-08,0.0
2010-07-09,0.0
2010-07-12,0.0
2010-07-13,0.0
2010-07-14,0.0
2010-07-15,0.0
2010-07-16,0.0
2010-07-19,0.0
2010-07-20,0.0
2010-07-21,0.0
2010-07-22,0.0
2010-07-23,0.0
2010-07-26,0.0
2010-07-27,0.0
2010-07-28,0.0
2010-07-29,0.0
2010-07-30,0.0
2010-08-02,0.0
2010-08-03,0.0
2010-08-04,0.0
2010-08-05,0.0
2010-08-06,0.0
2010-08-09,0.0
2010-08-10,0.0
2010-08-11,0.0
2010-08-12,0.0
2010-08-13,0.0
2010-08-16,0.0
2010-08-17,0.0
2010-08-18,0.0
2010-08-19,0.0
2010-08-20,0.0
2010-08-23,0.0
2010-08-24,0.0
2010-08-25,0.0
2010-08-26,0.0
2010-08-27,0.0
2010-08-30,0.0
2010-08-31,0.0
2010-09-01,0.0
2010-09-02,0.0
2010-09-03,0.0
2010-09-07,0.0
2010-09-08,0.0
2010-09-09,0.0
2010-09-10,0.0
2010-09-13,0.0
2010-09-14,0.0
2010-09-15,0.0
2010-09-16,0.0
2010-09-17,0.0
2010-09-20,0.0
2010-09-21,0.0
2010-09-22,0.0
2010-09-23,0.0
2010-09-24,0.0
2010-09-27,0.0
2010-09-28,0.0
2010-09-29,0.0
2010-09-30,0.0
2010-10-01,0.0
2010-10-04,0.0
2010-10-05,0.0
2010-10-06,0.0
2010-10-07,0.0
2010-10-08,0.0
2010-10-11,0.0
2010-10-12,0.0
2010-10-13,0.0
2010-10-14,0.0
2010-10-15,0.0
2010-10-18,-0.008187765454559667
2010-10-19,0.001509460284258617
2010-10-20,0.002087714533805434
2010-10-21,0.00023014594389672476
2010-10-22,0.0017115744329334204
2010-10-25,-0.0022168682957388343
2010-10-26,-0.0008514778049053161
2010-10-27,0.003463291905307147
2010-10-28,-0.00033524688422100315
2010-10-29,-0.00011333027988628779
2010-11-01,0.0035508078561907967
2010-11-02,0.0016120207089727059
2010-11-03,0.004921833325399417
2010-11-04,0.00031275070712110796
2010-11-05,-0.0023681065300571722
2010-11-08,0.003940274116228411
2010-11-09,0.0007469238306521424
2010-11-10,-0.005812344519220025
2010-11-11,-0.0025108165940783355
2010-11-12,0.0025401394996076364
2010-11-15,-0.004469221771644454
2010-11-16,0.00019595216932648558
2010-11-17,0.004900893480759594
2010-11-18,-0.0015043208278192764
2010-11-19,-0.0021838511396204342
2010-11-22,-0.005745042137445937
2010-11-23,0.005420425683294524
2010-11-24,-0.0030557335070239547
2010-11-26,-0.0011191133334719592
2010-11-29,-0.005847124361006322
2010-11-30,0.009228605946943455
2010-12-01,0.002393633382623679
2010-12-02,-0.003188310363104538
2010-12-03,0.0015226147255390956
2010-12-06,0.00761678707230693
2010-12-07,0.0008901713216660027
2010-12-08,0.0010467257476919484
2010-12-09,0.0017091879600124177
2010-12-10,0.0030946659559805824
2010-12-13,0.0032261128420505796
2010-12-14,-0.0004467717638661136
2010-12-15,0.001735484819199698
2010-12-16,0.0012919064475277824
2010-12-17,-0.0005448476425907485
2010-12-20,0.002466165081313427
2010-12-21,-0.00011985029369109705
2010-12-22,-0.002179730628014229
2010-12-23,-0.0017163109733406932
2010-12-27,-0.00018784760939833685
2010-12-28,0.0007092299511806923
2010-12-29,-0.0004609492647453115
2010-12-30,-0.0008523220374300175
2010-12-31,0.0066526687431378495
2011-01-03,0.0023112857907384796
2011-01-04,-0.002633272668840809
2011-01-05,0.00590750841983208
2011-01-06,6.767634602617773e-05
2011-01-07,0.0018902745365240816
2011-01-10,0.00034436483237321023
2011-01-11,0.004255212035930143
2011-01-12,0.005515609708406054
2011-01-13,0.001604520516219486
2011-01-14,-0.01098475550667051
2011-01-18,0.004184105948741611
2011-01-19,-0.0023824942788387223
2011-01-20,0.009813788157039849
2011-01-21,0.0012381046075867568
2011-01-24,-0.0035495734918826825
2011-01-25,0.0022225346112795833
2011-01-26,0.005464234304303953
2011-01-27,0.003776394607363574
2011-01-28,0.0015748060848844196
2011-01-31,0.005412383678601143
2011-02-01,-0.0019343125420370065
2011-02-02,0.00046192317122789844
2011-02-03,0.001458097067452993
2011-02-04,0.002143288690726229
2011-02-07,0.0006862189205495393
2011-02-08,-0.002635867121051751
2011-02-09,-0.005650026562489888
2011-02-10,-0.0025120213444780838
2011-02-11,0.0019699440804074246
2011-02-14,-0.002338446447789679
2011-02-15,0.0034360805125179007
2011-02-16,-0.004079220528130303
2011-02-17,0.0015605048526791544
2011-02-18,-0.014464271116994358
2011-02-22,0.0004526706946615372
2011-02-23,0.003897007835109166
2011-02-24,0.006828295520225761
2011-02-25,0.004449763168359259
2011-02-28,0.00489641205394217
2011-03-01,-0.0005954009028362381
2011-03-02,0.00801271178727884
2011-03-03,0.0014789500351596232
2011-03-04,0.0009432590643573296
2011-03-07,0.0009543603988604057
2011-03-08,-0.0024988416466538133
2011-03-09,-0.010915622893053022
2011-03-10,-0.004152060222802361
2011-03-11,0.0015386668987085747
2011-03-14,-0.015313892313680012
2011-03-15,-0.004132628041251844
2011-03-16,0.009771799651525344
2011-03-17,0.007456010246441932
2011-03-18,0.012024598363207208
2011-03-21,-0.0013132503276687955
2011-03-22,-0.0012370535357140253
2011-03-23,0.012301951651614686
2011-03-24,0.0023943393963603947
2011-03-25,0.004288335623441984
2011-03-28,-0.0020009340781280823
2011-03-29,0.005320695300787069
2011-03-30,0.0007675997768204468
2011-03-31,0.005154280313520086
2011-04-01,0.0008712114987259303
2011-04-04,0.002671433202962524
2011-04-05,0.008376400529173395
2011-04-06,0.0005359086399503714
2011-04-07,0.004582789910341882
2011-04-08,-0.0013880039603265844
2011-04-11,-0.007571968603953422
2011-04-12,0.009629868073195153
2011-04-13,-0.006606442041140611
2011-04-14,-0.005850650924011898
2011-04-15,-0.011487333178186968
2011-04-18,0.001819492235540863
2011-04-19,0.019881658481380182
2011-04-20,0.009356506980376343
2011-04-21,-0.0017760094455828508
2011-04-25,0.003953801495935193
2011-04-26,0.0028445707799261413
2011-04-27,-0.00338755427893316
2011-04-28,-0.0007616925026896167
2011-04-29,0.0038358848739214442
2011-05-02,-0.0015235758846829572
2011-05-03,-0.000563578249476013
2011-05-04,-0.002107486782917924
2011-05-05,0.010435157363967752
2011-05-06,1.5191895754509694e-05
2011-05-09,0.0014764968211992053
2011-05-10,-0.0005033540105036736
2011-05-11,-0.0023256354875137754
2011-05-12,-0.006040215190226903
2011-05-13,-0.0019981972698124273
2011-05-16,-0.002303906976083034
2011-05-17,0.0
2011-05-18,0.0
2011-05-19,0.0
2011-05-20,-0.012133848230601995
2011-05-23,0.004210752770658931
2011-05-24,0.0024820012656220566
2011-05-25,-0.001342799056665775
2011-05-26,0.0016121103989122946
2011-05-27,0.009139546148450752
2011-05-31,-0.0026342045130210634
2011-06-01,0.0018286790116731982
2011-06-02,-0.0030340771835444787
2011-06-03,-7.893307671251486e-05
2011-06-06,0.002521943676764038
2011-06-07,-0.000600869503331569
2011-06-08,0.001226262088962393
2011-06-09,-0.0023213575675233634
2011-06-10,0.0010075082324329633
2011-06-13,0.004957598305917333
2011-06-14,-0.004768487256078302
2011-06-15,0.0009980540582842415
2011-06-16,0.002085394832129408
2011-06-17,-8.627895387859132e-05
2011-06-20,0.0018895493042029668
2011-06-21,-0.002326077896148233
2011-06-22,-0.002677265828790101
2011-06-23,-0.0009540603535962554
2011-06-24,0.0005848257929184442
2011-06-27,0.0021372379591357536
2011-06-28,0.0023390278320008042
2011-06-29,0.0013738086557511455
2011-06-30,2.714728457781543e-05
2011-07-01,0.0004202609357199716
2011-07-05,-0.0012551680314327694
2011-07-06,0.0019506923083331845
2011-07-07,-0.0025066118687917813
2011-07-08,-0.005196713528521475
2011-07-11,-0.000884807731636852
2011-07-12,0.001989184152508825
2011-07-13,0.00045141913649771525
2011-07-14,0.003063382834197837
2011-07-15,-0.0026914909427366183
2011-07-18,0.004849337146584177
2011-07-19,0.005581260457546131
2011-07-20,0.00014844907048848133
2011-07-21,0.00014487791198682947
2011-07-22,-0.0038146217163798467
2011-07-25,0.0005021230857537586
2011-07-26,-0.0016351063089415515
2011-07-27,-0.0002564024417979492
2011-07-28,-0.005484821859523021
2011-07-29,0.007693318200739708
2011-08-01,-0.0024116501291886025
2011-08-02,0.0
2011-08-03,0.0
2011-08-04,0.0
2011-08-05,0.0
2011-08-08,0.0
2011-08-09,0.0
2011-08-10,0.0
2011-08-11,0.0
2011-08-12,0.0
2011-08-15,0.0
2011-08-16,0.0
2011-08-17,0.0
2011-08-18,0.0
2011-08-19,0.0
2011-08-22,0.0
2011-08-23,0.0
2011-08-24,0.0
2011-08-25,0.0
2011-08-26,0.0
2011-08-29,0.0
2011-08-30,0.0
2011-08-31,0.0
2011-09-01,0.0
2011-09-02,0.0
2011-09-06,0.0
2011-09-07,0.0
2011-09-08,0.0
2011-09-09,0.0
2011-09-12,0.0
2011-09-13,0.0
2011-09-14,0.0
2011-09-15,0.0
2011-09-16,0.0
2011-09-19,0.0
2011-09-20,0.0
2011-09-21,0.0
2011-09-22,0.0
2011-09-23,0.0
2011-09-26,0.0
2011-09-27,0.0
2011-09-28,0.0
2011-09-29,0.0
2011-09-30,0.0
2011-10-03,0.0
2011-10-04,0.0
2011-10-05,0.0
2011-10-06,0.0
2011-10-07,0.0
2011-10-10,0.0
2011-10-11,0.0
2011-10-12,0.0
2011-10-13,0.0
2011-10-14,0.0
2011-10-17,0.0
2011-10-18,0.0
2011-10-19,0.0
2011-10-20,0.0
2011-10-21,0.0
2011-10-24,0.0
2011-10-25,0.0
2011-10-26,0.0
2011-10-27,-0.002309037639489582
2011-10-28,-0.0047524847867938605
2011-10-31,0.0
2011-11-01,0.0
2011-11-02,0.0
2011-11-03,0.0
2011-11-04,0.0
2011-11-07,0.0
2011-11-08,-0.010558771886118246
2011-11-09,0.0
2011-11-10,0.0
2011-11-11,-0.0030532386347967735
2011-11-14,0.0
2011-11-15,0.0
2011-11-16,0.0
2011-11-17,0.0
2011-11-18,0.0
2011-11-21,0.0
2011-11-22,0.0
2011-11-23,0.0
2011-11-25,0.0
2011-11-28,0.0
2011-11-29,0.0
2011-11-30,0.0
2011-12-01,0.0
2011-12-02,0.0
2011-12-05,-0.002637495100958327
2011-12-06,-0.0019089055010532263
2011-12-07,-0.011523251506486943
2011-12-08,0.0
2011-12-09,0.0
2011-12-12,0.0
2011-12-13,0.0
2011-12-14,0.0
2011-12-15,0.0
2011-12-16,0.0
2011-12-19,0.0
2011-12-20,0.0
2011-12-21,0.0
2011-12-22,0.0015120874764356863
2011-12-23,-0.0017489914212872647
2011-12-27,0.0013926526889566488
2011-12-28,0.0014395919443411787
2011-12-29,-0.0016693911624003064
2011-12-30,0.007128759547774233
2012-01-03,-0.00093412910987392
2012-01-04,-0.0005171145030630585
2012-01-05,-0.0002116133330211988
2012-01-06,3.8440681913154596e-05
2012-01-09,0.004826895611408345
2012-01-10,-0.002966376243915274
2012-01-11,0.0024794292473971427
2012-01-12,-0.0019339046874639653
2012-01-13,0.0030807531137764473
2012-01-17,0.0015749413469248964
2012-01-18,0.0026753505862182865
2012-01-19,-0.007335895044102967
2012-01-20,0.0006648548347902363
2012-01-23,-0.0034251812462207146
2012-01-24,0.011188822951210438
2012-01-25,8.155779158827388e-06
2012-01-26,-0.004497982920464114
2012-01-27,-0.006297597194551017
2012-01-30,0.004027470264241742
2012-01-31,0.006699884789022362
2012-02-01,0.0015828162178046373
2012-02-02,0.007570312936798868
2012-02-03,-0.006787450049848179
2012-02-06,0.0001744119604113117
2012-02-07,0.0007678367905966702
2012-02-08,0.004027267156046582
2012-02-09,-0.00954696814017641
2012-02-10,0.012265966060832887
2012-02-13,-0.0005995049463006327
2012-02-14,0.006087169696547723
2012-02-15,-0.0070065736245184425
2012-02-16,-0.00039910804848959327
2012-02-17,0.0006349468838066203
2012-02-21,-0.0024424301806313165
2012-02-22,-0.002596043158190142
2012-02-23,0.004051273636469721
2012-02-24,-0.0013694011087742371
2012-02-27,0.0030235143995352215
2012-02-28,0.0035398262508613996
2012-02-29,0.006312928991412693
2012-03-01,-0.0015994133072330548
2012-03-02,-0.004402643270446405
2012-03-05,-0.015583686766917433
2012-03-06,0.0056928089808792985
2012-03-07,0.005822337194595534
2012-03-08,0.0030095606212325434
2012-03-09,-0.0009200423223134741
2012-03-12,0.008914661205051917
2012-03-13,0.0027620068857460833
2012-03-14,0.006176644628478073
2012-03-15,0.0005672348263479222
2012-03-16,0.0016048031058004167
2012-03-19,-0.005648372812352138
2012-03-20,0.004139362032630539
2012-03-21,-0.00536802429455407
2012-03-22,-0.00177223159551287
2012-03-23,0.008356153390052641
2012-03-26,0.00016731324158074699
2012-03-27,0.0004114356558195702
2012-03-28,-0.005091248466923371
2012-03-29,0.0057679549849138706
2012-03-30,0.0003795200826791527
2012-04-02,-0.0008485739012190849
2012-04-03,-0.01801632666061024
2012-04-04,-0.0027096600043433052
2012-04-05,-0.013698716749069327
2012-04-09,-0.0006986351228639395
2012-04-10,0.0
2012-04-11,0.0
2012-04-12,0.0
2012-04-13,0.004282185304726087
2012-04-16,0.004747469062606684
2012-04-17,-0.005336814740881226
2012-04-18,-0.0011005333007998348
2012-04-19,0.004824419005637702
2012-04-20,-0.008132583616648224
2012-04-23,0.0007338849882186208
2012-04-24,0.005785932322327488
2012-04-25,0.0007137246090768516
2012-04-26,6.056460429046092e-05
2012-04-27,-0.0025358914898152315
2012-04-30,-0.0004005072005042607
2012-05-01,-0.0038111913137266113
2012-05-02,0.00025075716802683626
2012-05-03,-0.005500028895881352
2012-05-04,-0.002324508619118626
2012-05-07,-0.004079112325872385
2012-05-08,-0.005669477863959243
2012-05-09,0.008148425999480076
2012-05-10,-0.004682806263573818
2012-05-11,-0.006898442285588729
2012-05-14,0.0016292626604513362
2012-05-15,0.0025481744583097537
2012-05-16,0.0009919007297900606
2012-05-17,0.0007529591471162258
2012-05-18,-0.00048517169451335547
2012-05-21,-0.00014277263305399128
2012-05-22,-0.0022050449758922474
2012-05-23,0.0008180912684592536
2012-05-24,-0.0004410109309417096
2012-05-25,0.005409791692637315
2012-05-29,-0.007970456660334656
2012-05-30,0.0002771123610117045
2012-05-31,-0.007324708836850454
2012-06-01,0.0008499443936600938
2012-06-04,-0.0011404189900598794
2012-06-05,0.0028082436899157996
2012-06-06,0.0029439431087065018
2012-06-07,-0.00225642656573682
2012-06-08,0.0021884130168359755
2012-06-11,0.0016172682789936978
2012-06-12,-0.0009712706248620259
2012-06-13,0.0003896133702807149
2012-06-14,0.0009174520649315765
2012-06-15,-0.001005410184612938
2012-06-18,0.001563600487762873
2012-06-19,0.0050136753805921095
2012-06-20,0.00019817038816412084
2012-06-21,0.002118751547338871
2012-06-22,-0.005397524446471341
2012-06-25,-0.002662164892516001
2012-06-26,0.0017477712058220176
2012-06-27,-0.00270501895971041
2012-06-28,0.009836718275276705
2012-06-29,0.0018155581916840262
2012-07-02,-6.162251805902355e-05
2012-07-03,-0.0031264767225907034
2012-07-05,-0.004843726815206203
2012-07-06,-0.0015614093201235832
2012-07-09,0.00039992200957662545
2012-07-10,-0.00013711472125695211
2012-07-11,-0.002856774848761585
2012-07-12,0.0016542928177437056
2012-07-13,-0.00011173507481431417
2012-07-16,-0.0008780574682558618
2012-07-17,-0.006395920128043294
2012-07-18,0.005486879816004065
2012-07-19,-0.00023423966743298924
2012-07-20,-0.011484785657831682
2012-07-23,0.0008926568376262158
2012-07-24,-0.005095644454888681
2012-07-25,0.005603687159640551
2012-07-26,0.004468089580948505
2012-07-27,0.0005584404606780295
2012-07-30,0.0018278850785483152
2012-07-31,0.0023292269873004218
2012-08-01,-0.005329189669531269
2012-08-02,0.008690047240224348
2012-08-03,0.0012537414656223224
2012-08-06,0.0008152003839066626
2012-08-07,-0.0026483322480826653
2012-08-08,-0.001231034118922516
2012-08-09,-0.0005494680333199017
2012-08-10,5.178903768717581e-05
2012-08-13,0.0032233567133238133
2012-08-14,-0.0010077910309028801
2012-08-15,0.0025967990821578546
2012-08-16,0.002670845473515041
2012-08-17,-0.0006732954403882416
2012-08-20,0.0015452153409002997
2012-08-21,-0.0037473148284756317
2012-08-22,-0.0026093576545290743
2012-08-23,-0.0011270966462576834
2012-08-24,0.0021229933711241957
2012-08-27,-0.0020158341272582844
2012-08-28,-9.24511670023808e-06
2012-08-29,-0.0029791364887673615
2012-08-30,0.004800736892549021
2012-08-31,-0.00426639666982128
2012-09-04,-0.0024522644695722786
2012-09-05,0.00410168000825066
2012-09-06,-0.0004898348489272217
2012-09-07,-0.0006237647617780824
2012-09-10,-4.806566814753862e-05
2012-09-11,0.002371377115819835
2012-09-12,0.0016647924503588388
2012-09-13,0.0033259275864559747
2012-09-14,0.00035385476893232256
2012-09-17,-0.0023259390116291386
2012-09-18,-0.0018979073608434956
2012-09-19,-0.004777947543703806
2012-09-20,0.0027471105403299003
2012-09-21,-0.005476908828633436
2012-09-24,0.0008479803906865716
2012-09-25,-0.0013134013685309751
2012-09-26,0.0019110101270119477
2012-09-27,-0.002483586577465484
2012-09-28,0.0016983090060241903
2012-10-01,0.0021626372146175805
2012-10-02,0.0010153606114474026
2012-10-03,-0.00010006758602271164
2012-10-04,0.0019085380573799118
2012-10-05,-0.005229892070261533
2012-10-08,-0.0007506426840003642
2012-10-09,-0.00013801853093105648
2012-10-10,0.0030424503809641837
2012-10-11,0.0007719619199374518
2012-10-12,0.0007198875428777664
2012-10-15,0.00036262204314056377
2012-10-16,-0.001304442453844008
2012-10-17,-0.0018322103395217626
2012-10-18,-0.002162219395669276
2012-10-19,0.0003887979164439815
2012-10-22,-0.0025287245168648755
2012-10-23,0.003376777271404854
2012-10-24,0.0006506030125100493
2012-10-25,-9.802925494566177e-05
2012-10-26,-0.0017123682111056394
2012-10-31,0.00156440079830503
2012-11-01,0.0005989929618569568
2012-11-02,0.00037919143434594026
2012-11-05,-0.0027147227118673144
2012-11-06,-0.004049873266290278
2012-11-07,-0.0015748837074863163
2012-11-08,-0.0019136624614245789
2012-11-09,0.0006935020371874502
2012-11-12,-0.0010126305192872432
2012-11-13,0.0014599155646425246
2012-11-14,0.0
2012-11-15,0.0
2012-11-16,0.0
2012-11-19,-0.0011467203466112542
2012-11-20,-0.0016942805552556696
2012-11-21,0.004217122705231988
2012-11-23,-0.000383055399572354
2012-11-26,0.0008021484794220026
2012-11-27,-0.0014644573819545337
2012-11-28,0.002199050934003304
2012-11-29,-0.0006154273053194714
2012-11-30,0.0021623870273577376
2012-12-03,-0.0020417665960216548
2012-12-04,0.0010828201037549668
2012-12-05,0.0002908080843818196
2012-12-06,0.00027741334869974443
2012-12-07,0.0004022698232608569
2012-12-10,0.002585069092851194
2012-12-11,0.0020895976592642082
2012-12-12,0.003560882371410135
2012-12-13,0.0009862127219270427
2012-12-14,4.896162979656693e-05
2012-12-17,-0.0010044090762464596
2012-12-18,0.0008829513773257362
2012-12-19,-4.5207532085678024e-05
2012-12-20,-0.010934307334651552
2012-12-21,-0.0018720140050074783
2012-12-24,-0.0011369478316026436
2012-12-26,-0.00027733649792516463
2012-12-27,0.0
2012-12-28,0.0
2012-12-31,0.014892456980054258
2013-01-02,0.0006533163364853703
2013-01-03,0.0014896978043589962
2013-01-04,0.0011301384972138132
2013-01-07,-0.00014214099027567414
2013-01-08,0.0023205348445935804
2013-01-09,0.004170912991955601
2013-01-10,0.0003921002866888346
2013-01-11,-0.0025644252180724125
2013-01-14,-0.004018191258626607
2013-01-15,-0.0008933046323758019
2013-01-16,0.0017595977250104422
2013-01-17,-0.0003609804793337053
2013-01-18,-0.000563158948826725
2013-01-22,0.006200288270394468
2013-01-23,-0.005743880662876936
2013-01-24,-0.00021930611979202182
2013-01-25,-0.0001279897257797355
2013-01-28,7.181991617532643e-05
2013-01-29,-0.000508257462111905
2013-01-30,0.0014578616381179079
2013-01-31,0.005009818224496662
2013-02-01,-0.0036968554627360975
2013-02-04,0.0018609541385786414
2013-02-05,-0.0027332993325995037
2013-02-06,0.00045821247318258453
2013-02-07,0.0014089252950137186
2013-02-08,-0.003107516614682293
2013-02-11,-0.001252120159431358
2013-02-12,0.00217730498494237
2013-02-13,-0.001349435911079648
2013-02-14,0.0003881426475022834
2013-02-15,0.0013836776304944692
2013-02-19,0.0006147382910461755
2013-02-20,-0.006835107923586607
2013-02-21,0.003367894101342595
2013-02-22,0.001511595318314125
2013-02-25,0.0002927236345411924
2013-02-26,0.0015254663775820523
2013-02-27,0.0035569232853589704
2013-02-28,-0.0025500361559689425
2013-03-01,-0.0032538083145998756
2013-03-04,0.005694943896952399
2013-03-05,0.00267735696991194
2013-03-06,0.0024180918744039965
2013-03-07,0.0014088718506364932
2013-03-08,-0.0015313717464000695
2013-03-11,-0.0014685338939457579
2013-03-12,0.0008268946706148285
2013-03-13,0.002330953305812942
2013-03-14,-0.001597675571362269
2013-03-15,-0.009022945708098883
2013-03-18,0.002064865898971349
2013-03-19,0.004507133216005235
2013-03-20,-0.003695348954417774
2013-03-21,0.009528112553175462
2013-03-22,0.0020537864570621483
2013-03-25,0.0025145341009848335
2013-03-26,-0.0026248581578332095
2013-03-27,0.00020865228813480986
2013-03-28,0.011417218356644283
2013-04-01,0.0024736601470859393
2013-04-02,0.0011920094350131377
2013-04-03,2.4776171807867718e-05
2013-04-04,-0.008424842639839798
2013-04-05,-0.002320912489682496
2013-04-08,-0.001273401917249066
2013-04-09,0.0029078107833257548
2013-04-10,-0.005330540135972026
2013-04-11,-0.0011745220652281427
2013-04-12,-0.005172703358388495
2013-04-15,0.005166532914329066
2013-04-16,-0.007379188126532407
2013-04-17,0.0017850587408122288
2013-04-18,0.003068434487867438
2013-04-19,0.0006346320390798612
2013-04-22,0.002447543660069634
2013-04-23,-0.0005139755344908956
2013-04-24,0.00013733825178989824
2013-04-25,0.0006674515131642414
2013-04-26,0.002178523501125618
2013-04-29,0.0032290228735756114
2013-04-30,0.003621864721070585
2013-05-01,0.0019789498344048445
2013-05-02,0.008263606390750782
2013-05-03,0.004722711039417356
2013-05-06,0.004634218957876264
2013-05-07,0.002870641491618893
2013-05-08,0.022792403239527654
2013-05-09,0.0018735404291175708
2013-05-10,-0.00215106240932178
2013-05-13,0.004971334111017751
2013-05-14,0.00046383973492499365
2013-05-15,-0.01088239889535578
2013-05-16,0.0
2013-05-17,0.0
2013-05-20,0.001174967812167969
2013-05-21,-0.0009635570699051211
2013-05-22,-0.010774519163865973
2013-05-23,-0.004169745170902248
2013-05-24,0.007132252245090057
2013-05-28,-0.003847036192195894
2013-05-29,0.004381569595885761
2013-05-30,-0.00283636923396992
2013-05-31,0.0005264024026881934
2013-06-03,0.000350962921577083
2013-06-04,-0.0015826992740112875
2013-06-05,0.0008208617098597351
2013-06-06,0.006232583919535087
2013-06-07,0.0005592451465093822
2013-06-10,-0.007475593885239871
2013-06-11,0.005280179888407957
2013-06-12,-0.001862280747990983
2013-06-13,0.002008060216661947
2013-06-14,0.011578844456937213
2013-06-17,0.003177303059826145
2013-06-18,0.0019467225046245237
2013-06-19,-0.010399149527355565
2013-06-20,0.007116663698982554
2013-06-21,-0.0034365252621657173
2013-06-24,0.007271324667580999
2013-06-25,0.007571832087039431
2013-06-26,0.00601478049621501
2013-06-27,-0.0013050088742247957
2013-06-28,0.008685254835707574
2013-07-01,0.0004129828033687046
2013-07-02,-0.0020151899619641096
2013-07-03,0.007280600971900669
2013-07-05,0.001596897206098252
2013-07-08,0.006296327168728887
2013-07-09,-0.002204515553175437
2013-07-10,0.012154875845072806
2013-07-11,5.6860532327212144e-05
2013-07-12,0.003642285165415376
2013-07-15,0.0009107334281761741
2013-07-16,0.0016283611817164629
2013-07-17,0.0009319639751272574
2013-07-18,-0.028152840184441412
2013-07-19,0.0
2013-07-22,0.0026052660074644195
2013-07-23,0.0030368209623428083
2013-07-24,0.02339997657498355
2013-07-25,-0.004605647177106897
2013-07-26,-0.0004606865647226897
2013-07-29,0.0015511417067092474
2013-07-30,0.0007346292746372887
2013-07-31,0.002643493307399574
2013-08-01,-0.0007322012845284952
2013-08-02,-0.001333355739725901
2013-08-05,-0.0004997769848384358
2013-08-06,-0.001897287518836277
2013-08-07,0.0022723055857127414
2013-08-08,-0.006938005174496768
2013-08-09,-0.006165856808989561
2013-08-12,0.004065462377007303
2013-08-13,-0.0016062406111045564
2013-08-14,-0.010073760532108721
2013-08-15,0.0014377857398417044
2013-08-16,0.0009418305666392662
2013-08-19,0.004083236018055678
2013-08-20,-0.0005659440210163422
2013-08-21,0.0032570363668582777
2013-08-22,0.012295984107544152
2013-08-23,0.003475705667852551
2013-08-26,-0.008489511457446315
2013-08-27,0.006611038666024071
2013-08-28,-0.00048110591972540636
2013-08-29,0.002064949706564594
2013-08-30,0.010637589421413046
2013-09-03,0.010809777610406518
2013-09-04,0.0003273127414816095
2013-09-05,0.006078156518068132
2013-09-06,0.0038597907734745788
2013-09-09,0.0051660884887929515
2013-09-10,-0.008468360245663182
2013-09-11,-0.0006697507037239253
2013-09-12,-0.002049617570687696
2013-09-13,0.008877214434131758
2013-09-16,0.0025327331401356944
2013-09-17,-0.0007661935183466649
2013-09-18,0.008065515766300392
2013-09-19,0.0027042453827620045
2013-09-20,0.0072983917279564395
2013-09-23,0.0023508807504961657
2013-09-24,0.0020228606089713664
2013-09-25,0.0061695344145968715
2013-09-26,-0.00343751573521714
2013-09-27,-0.012132949081325447
2013-09-30,0.0010769302922429883
2013-10-01,-0.0074193517792423514
2013-10-02,0.0006537754424651287
2013-10-03,0.0021276020458768975
2013-10-04,-0.0018224007905548291
2013-10-07,0.0026032959369835526
2013-10-08,0.0050244086052604895
2013-10-09,0.014641843445243176
2013-10-10,-0.005104929417769706
2013-10-11,-0.00803044097338677
2013-10-14,0.005498048115972599
2013-10-15,0.006568416321528891
2013-10-16,-0.0028713452939638567
2013-10-17,0.004538607375222669
2013-10-18,0.0
2013-10-21,0.00046134712258746354
2013-10-22,-0.008484920649131394
2013-10-23,0.0008330975012603098
2013-10-24,0.007641527484775185
2013-10-25,-0.0010379969270165
2013-10-28,0.00516991154593555
2013-10-29,0.0033141547367005852
2013-10-30,-0.006373494343462744
2013-10-31,0.006519645854806139
2013-11-01,0.0028428489675824168
2013-11-04,-0.002318055225695277
2013-11-05,-0.009210169507058278
2013-11-06,0.0
2013-11-07,0.0
2013-11-08,0.0
2013-11-11,-0.0019913098968619013
2013-11-12,-0.005776721731026126
2013-11-13,-0.001773212648022373
2013-11-14,0.0
2013-11-15,0.0
2013-11-18,0.0011925593581311937
2013-11-19,0.0016884959560499737
2013-11-20,0.004640500673453155
2013-11-21,0.0002125358675794245
2013-11-22,0.00475527080563635
2013-11-25,6.408024744040361e-05
2013-11-26,0.002933757055755507
2013-11-27,0.004875363717810427
2013-11-29,0.0018829905523902114
2013-12-02,-0.0008101037643939678
2013-12-03,-0.004642885586660052
2013-12-04,0.002319490563644642
2013-12-05,0.006100689858742671
2013-12-06,0.0032058812728288236
2013-12-09,-0.0026176446324972023
2013-12-10,-0.001521721929019539
2013-12-11,0.004003117036378776
2013-12-12,0.002592997673050022
2013-12-13,0.00851718449857614
2013-12-16,0.0018263370484254949
2013-12-17,-0.0035436373628074565
2013-12-18,-0.005043904004696892
2013-12-19,0.0012076626336825873
2013-12-20,0.005050410062104099
2013-12-23,0.00700298966951825
2013-12-24,0.004656955083006591
2013-12-26,0.0017016108749132665
2013-12-27,-0.0019095181216845013
2013-12-30,0.0015482358897390143
2013-12-31,-0.003959127306439832
2014-01-02,-0.0008073305376788806
2014-01-03,0.0008815626740054365
2014-01-06,0.006236562313159526
2014-01-07,0.010976744432773038
2014-01-08,0.0016684848529069022
2014-01-09,0.003152384799994799
2014-01-10,-0.0010240895182573005
2014-01-13,0.0036795832442650146
2014-01-14,0.00830608939085292
2014-01-15,-0.00035689136644682066
2014-01-16,-0.008126939835503022
2014-01-17,0.0077385124691674795
2014-01-21,-0.00639871506335695
2014-01-22,0.0
2014-01-23,0.0
2014-01-24,0.0
2014-01-27,-0.005358391422203188
2014-01-28,-0.006361199751413753
2014-01-29,0.022609736823878058
2014-01-30,-0.0011470739710628685
2014-01-31,0.0007243958120306185
2014-02-03,0.0037195902765455014
2014-02-04,-0.0010625459876856503
2014-02-05,0.0018280781120884938
2014-02-06,0.0034845938856811424
2014-02-07,0.0012306461826408488
2014-02-10,0.0015329596539374935
2014-02-11,0.0011980245032536473
2014-02-12,-0.001854684503652093
2014-02-13,-0.005227565700495174
2014-02-14,0.005403638926032107
2014-02-18,-0.0013800871491390088
2014-02-19,0.010408844932434758
2014-02-20,0.0028197199114286206
2014-02-21,-0.001322746794137475
2014-02-24,0.005730412575675166
2014-02-25,0.006159530513742931
2014-02-26,0.0013133278581678107
2014-02-27,-0.0015968457930868006
2014-02-28,-0.01227980624762069
2014-03-03,0.011487858548142967
2014-03-04,0.002411186726022985
2014-03-05,0.0038165766701188106
2014-03-06,0.003118065896327349
2014-03-07,0.0007675857818541731
2014-03-10,0.0023924457964360603
2014-03-11,-0.0040378486072795376
2014-03-12,0.003452586590136686
2014-03-13,-0.005063693526771884
2014-03-14,0.006585856481635732
2014-03-17,0.0027140705701548815
2014-03-18,0.0009693378435773905
2014-03-19,-0.00394565162233288
2014-03-20,0.005172422867443042
2014-03-21,0.003071404747026835
2014-03-24,0.008213012900335246
2014-03-25,0.004410376231444707
2014-03-26,-0.002874497069093357
2014-03-27,0.004105670539208018
2014-03-28,0.008728997236204608
2014-03-31,0.006313586190872922
2014-04-01,0.0034086281999482944
2014-04-02,0.0002206117074090357
2014-04-03,0.005304462153424977
2014-04-04,-0.006403470406800431
2014-04-07,0.0038722608848632024
2014-04-08,0.0023338970736066235
2014-04-09,-0.00012246346772814426
2014-04-10,-0.0055285846933519275
2014-04-11,0.002578360692277793
2014-04-14,0.0011964118118422574
2014-04-15,0.0030731192609028527
2014-04-16,0.0015107014055175008
2014-04-17,-0.0017619242353954956
2014-04-21,-0.0008446970602295753
2014-04-22,-0.0017944932186220951
2014-04-23,0.0030982544893165148
2014-04-24,-0.007822679238002284
2014-04-25,0.002922072512529277
2014-04-28,0.002006547576287343
2014-04-29,-0.003221456826042224
2014-04-30,0.001458496311200308
2014-05-01,0.000663080606233202
2014-05-02,-0.00370564865804051
2014-05-05,0.005538962883969557
2014-05-06,0.0015652295957368349
2014-05-07,-0.001389964053846915
2014-05-08,-0.001109246508272936
2014-05-09,0.003970687268133815
2014-05-12,-0.001308726764085943
2014-05-13,-0.0023767721986727385
2014-05-14,-0.0019943908287977097
2014-05-15,2.2773775975626766e-05
2014-05-16,0.00034443502705928676
2014-05-19,8.677776741529175e-05
2014-05-20,0.003061285936434966
2014-05-21,0.0012695687182500363
2014-05-22,0.00233668068050592
2014-05-23,0.005408798776033817
2014-05-27,-0.0004346587778999269
2014-05-28,0.0031384989821892865
2014-05-29,-0.0008129619141348792
2014-05-30,0.0009127163423666821
2014-06-02,-0.00347596709162688
2014-06-03,-0.003267739954668178
2014-06-04,0.0021862072220639496
2014-06-05,0.004522696215923873
2014-06-06,0.00047139150606870125
2014-06-09,0.0004313585228993949
2014-06-10,-4.010611244231158e-05
2014-06-11,0.00019791739122839612
2014-06-12,0.006209074381941138
2014-06-13,-0.0016014879479900916
2014-06-16,-0.0013190836243111856
2014-06-17,0.0008872893182627591
2014-06-18,-0.0010691296270246198
2014-06-19,-0.0003720548631231377
2014-06-20,-0.0018639902053285528
2014-06-23,0.001435219026070567
2014-06-24,0.0002552609805172693
2014-06-25,0.0007674296062179823
2014-06-26,-0.00019134908288397844
2014-06-27,0.0014263355565849668
2014-06-30,0.005452647116896632
2014-07-01,0.0011325785981391053
2014-07-02,0.003263038216176639
2014-07-03,-0.00077167255703677
2014-07-07,-0.004287216591307933
2014-07-08,0.0012410763548010206
2014-07-09,-0.018355987159512765
2014-07-10,0.002208745276766748
2014-07-11,0.008771499561424893
2014-07-14,0.0006100128989430507
2014-07-15,0.0031217837595490755
2014-07-16,-0.0026158128543131726
2014-07-17,0.0013683360074281709
2014-07-18,-0.002386916118225326
2014-07-21,0.0034796904090478448
2014-07-22,0.00028335892486294886
2014-07-23,0.0015449185933404232
2014-07-24,-0.0034452469974038747
2014-07-25,0.0001580515573026123
2014-07-28,0.0007432941987454969
2014-07-29,0.0032162908171110838
2014-07-30,-0.010718070022315555
2014-07-31,-1.2790132651849728e-05
2014-08-01,0.0011605317373171854
2014-08-04,-0.004226057983905709
2014-08-05,-0.00405973899469241
2014-08-06,0.003896761090643839
2014-08-07,0.00018649519724725868
2014-08-08,0.005506902653957711
2014-08-11,-0.0025742962414188075
2014-08-12,0.003881043967591289
2014-08-13,0.0007416069339304923
2014-08-14,0.004028673374357359
2014-08-15,0.004148090823212064
2014-08-18,0.0016622735190421059
2014-08-19,-0.002238355402475673
2014-08-20,-0.0010503618903689512
2014-08-21,-0.0005336300905784471
2014-08-22,0.004777847298186534
2014-08-25,0.0012890529499995369
2014-08-26,-5.8045419061624923e-05
2014-08-27,-0.005304779504051267
2014-08-28,0.004565221004505721
2014-08-29,0.0025534151616732944
2014-09-02,0.0020713341546410805
2014-09-03,0.0014126596871684499
2014-09-04,-0.00012432520164778994
2014-09-05,0.00035231906142669844
2014-09-08,-0.0001315717493682094
2014-09-09,-0.0002441388379330447
2014-09-10,-0.005998467051125534
2014-09-11,-0.0015114183404575817
2014-09-12,-0.0007051106255298175
2014-09-15,0.0
2014-09-16,0.00013922121968523753
2014-09-17,0.0042346373301114905
2014-09-18,0.00026769119728852197
2014-09-19,-0.0031271586602588212
2014-09-22,-0.005983273492759689
2014-09-23,0.0022956992986222116
2014-09-24,-0.003906522167375866
2014-09-25,0.0017396012382406606
2014-09-26,-0.009111601646766901
2014-09-29,0.0007598254995372904
2014-09-30,-0.0014962594838533528
2014-10-01,0.0027258700214069665
2014-10-02,0.005010086369824512
2014-10-03,0.003635332689648446
2014-10-06,-0.005089720987259967
2014-10-07,-0.0013353423495411775
2014-10-08,0.00021750880954158697
2014-10-09,-0.011299103596198186
2014-10-10,0.0016152298133937793
2014-10-13,0.0
2014-10-14,0.0
2014-10-15,0.0
2014-10-16,0.0
2014-10-17,0.0
2014-10-20,0.002361544343754054
2014-10-21,-0.000828386305335047
2014-10-22,0.002749223163624261
2014-10-23,0.0008302788045980593
2014-10-24,-0.0008056967526358449
2014-10-27,0.00023589180126288418
2014-10-28,-0.0008398531028234379
2014-10-29,-0.0004172471340771566
2014-10-30,0.0035624589889360885
2014-10-31,0.0012616706406395428
2014-11-03,-0.0005484764145344511
2014-11-04,0.0013703915866733276
2014-11-05,0.00019388674345152354
2014-11-06,-2.116502647669042e-05
2014-11-07,-1.3591879391303455e-05
2014-11-10,-0.0013254039567691576
2014-11-11,-0.005658559154331995
2014-11-12,0.0025625282416671218
2014-11-13,0.00019268943532579262
2014-11-14,-0.005274999957649969
2014-11-17,-0.00012892810115616244
2014-11-18,-0.0021696192267600845
2014-11-19,-0.0032174964923061553
2014-11-20,0.01003994065980141
2014-11-21,0.0010434625183595217
2014-11-24,0.0015253208236133678
2014-11-25,-0.00021577925688222668
2014-11-26,0.001344347547500784
2014-11-28,-0.004399307259885871
2014-12-01,-0.002209273123555824
2014-12-02,0.002827290050250456
2014-12-03,-0.00040153549531771497
2014-12-04,0.0008577225963176475
2014-12-05,-0.0019336093787073881
2014-12-08,-0.011225099578938257
2014-12-09,-0.0019572182382584934
2014-12-10,0.001713676811518408
2014-12-11,-0.00597818372816171
2014-12-12,0.00566464629288043
2014-12-15,-0.007361430205894535
2014-12-16,0.0019834575120173644
2014-12-17,0.00952655307078873
2014-12-18,0.004660742862411294
2014-12-19,0.0008585832202395285
2014-12-22,0.001770965669687641
2014-12-23,0.000994462474587432
2014-12-24,0.0015463084640935823
2014-12-26,0.0013945862365853268
2014-12-29,-0.001883864479803299
2014-12-30,0.00041315445282548414
2014-12-31,0.0036675810401387704
2015-01-02,-0.003031039981965475
2015-01-05,-0.001012699681353688
2015-01-06,0.004581124235925312
2015-01-07,0.005974330051441253
2015-01-08,-8.313461781713332e-05
2015-01-09,-0.003929650200478803
2015-01-12,0.0019669849989715532
2015-01-13,-0.004600634244378284
2015-01-14,0.00813590951131658
2015-01-15,-0.0013221560295902334
2015-01-16,0.0018291672728640521
2015-01-20,-0.002634565922911314
2015-01-21,0.002520131608736431
2015-01-22,0.00021362919538942
2015-01-23,-0.001162730726912786
2015-01-26,-0.00586137865984528
2015-01-27,0.002183491675941802
2015-01-28,-0.0003924233093225693
2015-01-29,-0.001203951969175481
2015-01-30,0.0005430943813334112
2015-02-02,0.0002648467281136125
2015-02-03,-0.0007527730595319614
2015-02-04,0.00018125715373776616
2015-02-05,0.0001926959356054559
2015-02-06,-0.001826092461128106
2015-02-09,0.001767733528540969
2015-02-10,-0.00037163546545305955
2015-02-11,0.0017831507260320436
2015-02-12,0.0007382325496131916
2015-02-13,-0.0006555579018580525
2015-02-17,-0.00028779421319496056
2015-02-18,-0.00017714880669430485
2015-02-19,0.0008905989730767064
2015-02-20,5.151998311137186e-06
2015-02-23,0.0005162794431370844
2015-02-24,-0.0001635468947418039
2015-02-25,0.00042373320876311306
2015-02-26,-0.0003868704901025043
2015-02-27,0.0008934110929699428
2015-03-02,-0.001014049845427016
2015-03-03,-0.0011372859385945565
2015-03-04,0.0012145993970098816
2015-03-05,0.0001032007271009607
2015-03-06,-0.0014225245591541701
2015-03-09,-0.005484909006523919
2015-03-10,0.0020682651879842463
2015-03-11,-0.0004545201067352566
2015-03-12,-0.001071269915287913
2015-03-13,0.00145945195568612
2015-03-16,-0.001141385594201898
2015-03-17,0.00018119391324982205
2015-03-18,0.0011684729598680792
2015-03-19,0.003870512042871584
2015-03-20,-0.0015357487563698634
2015-03-23,-0.00041545938103764585
2015-03-24,-0.0002625582062656549
2015-03-25,-0.002700790870666625
2015-03-26,-0.0008943593965415928
2015-03-27,0.0
2015-03-30,-0.0022545798885331013
2015-03-31,-1.0991963314243956e-05
2015-04-01,0.003294038208986283
2015-04-02,-0.006255358714136021
2015-04-06,0.000766311066300074
2015-04-07,-0.0011674149426228683
2015-04-08,-0.0003142872796120798
2015-04-09,0.0008338643321006094
2015-04-10,0.001121008415317204
2015-04-13,-0.0006084869355694521
2015-04-14,0.0007352847253986553
2015-04-15,-0.0017728415167521836
2015-04-16,-0.003924705033411631
2015-04-17,0.002882025013042089
2015-04-20,0.004223050965706117
2015-04-21,0.0016694696519167665
2015-04-22,-0.004722494736670457
2015-04-23,0.004830358410484238
2015-04-24,0.0027619732280574085
2015-04-27,6.172610141609537e-05
2015-04-28,-0.005109680277774263
2015-04-29,-0.004806189044967759
2015-04-30,0.004270428304431736
2015-05-01,0.00014691714416587712
2015-05-04,-7.866109360885726e-06
2015-05-05,0.002883939236118223
2015-05-06,0.0022170128417676517
2015-05-07,0.00377910096446612
2015-05-08,-0.0002124233403217255
2015-05-11,-0.003511706132091816
2015-05-12,0.003274561783142711
2015-05-13,0.0037779059444216032
2015-05-14,0.0012512661044150567
2015-05-15,-0.0020964059461404095
2015-05-18,0.0014833365490811074
2015-05-19,-0.00033762000590187053
2015-05-20,-0.0018886044108419294
2015-05-21,-5.85189120092726e-06
2015-05-22,-0.0004944866436456148
2015-05-26,0.002702066049261874
2015-05-27,-0.0019008249573853027
2015-05-28,-0.003044042086709928
2015-05-29,0.0006931579255160707
2015-06-01,-0.0034860386997518007
2015-06-02,0.0046515372904825745
2015-06-03,-0.004993868386754321
2015-06-04,-0.0014442956615562138
2015-06-05,0.00038908519479444984
2015-06-08,-0.0014267220292587509
2015-06-09,-0.001107038986330679
2015-06-10,0.0028022831827425204
2015-06-11,-0.0036837369659462518
2015-06-12,-0.007270910712021797
2015-06-15,-0.0011537160131905996
2015-06-16,1.4249290816746151e-05
2015-06-17,0.0020794717494757348
2015-06-18,-0.0007170608053298231
2015-06-19,0.005054503244415302
2015-06-22,0.0012848417690136385
2015-06-23,-0.0012475836750880551
2015-06-24,0.00341278105746337
2015-06-25,-0.0014735119359283798
2015-06-26,-0.01149921722417338
2015-06-29,0.006839089577954112
2015-06-30,0.007113125616548062
2015-07-01,0.004961322931201735
2015-07-02,-0.005103140426443302
2015-07-06,-0.002370657211719611
2015-07-07,-0.010697162348683406
2015-07-08,0.0067136236243632965
2015-07-09,0.007614091534534407
2015-07-10,0.006336077697989443
2015-07-13,0.0005208445752373538
2015-07-14,-8.962733522045654e-05
2015-07-15,0.0042960433453449205
2015-07-16,0.004254458148493846
2015-07-17,0.0017355270867097032
2015-07-20,-0.003929501639263468
2015-07-21,-0.011094690371435165
2015-07-22,0.0016890475115614457
2015-07-23,0.0006805284541199421
2015-07-24,-0.0021222759033496593
2015-07-27,0.0011732233116891558
2015-07-28,0.00018939762105012252
2015-07-29,-0.0026266794488056713
2015-07-30,0.0009065753875096164
2015-07-31,0.001520292598515547
2015-08-03,-0.0004917037098955989
2015-08-04,0.0009814937431630291
2015-08-05,0.00047476507919578045
2015-08-06,-0.002683041576818037
2015-08-07,0.001730870550882333
2015-08-10,-0.0030148189033885075
2015-08-11,-0.0033933875402389255
2015-08-12,0.0005766673530913847
2015-08-13,-0.0009366556109458267
2015-08-14,-0.0015662188807111677
2015-08-17,-0.0007753543479000145
2015-08-18,-0.002450254613477454
2015-08-19,-0.005981647879584351
2015-08-20,0.0
2015-08-21,0.0
2015-08-24,0.0
2015-08-25,0.0
2015-08-26,0.0
2015-08-27,0.0
2015-08-28,0.0
2015-08-31,0.0
2015-09-01,0.0
2015-09-02,0.0
2015-09-03,0.0
2015-09-04,0.0
2015-09-08,0.0
2015-09-09,0.0
2015-09-10,0.0
2015-09-11,0.0
2015-09-14,0.0
2015-09-15,0.0
2015-09-16,0.0
2015-09-17,0.0
2015-09-18,0.0
2015-09-21,0.0
2015-09-22,0.0
2015-09-23,0.0
2015-09-24,0.0
2015-09-25,0.0
2015-09-28,0.0
2015-09-29,0.0
2015-09-30,0.0
2015-10-01,0.0
2015-10-02,0.0
2015-10-05,0.0
2015-10-06,0.0
2015-10-07,0.0
2015-10-08,0.0
2015-10-09,0.0
2015-10-12,0.0
2015-10-13,0.0
2015-10-14,0.0
2015-10-15,0.0
2015-10-16,0.0
2015-10-19,0.0
2015-10-20,0.0
2015-10-21,0.0
2015-10-22,0.005733295656941834
2015-10-23,-0.0012532969045403863
2015-10-26,-0.0028592000598784972
2015-10-27,0.0005212893008644473
2015-10-28,-0.0033452501968553538
2015-10-29,0.0005952800716519826
2015-10-30,0.00014787667586710934
2015-11-02,-0.002333147366313542
2015-11-03,0.0019154796909907916
2015-11-04,-0.0005384670841588555
2015-11-05,-0.002633328748903396
2015-11-06,-0.0021754281139332353
2015-11-09,-0.0035230598181592576
2015-11-10,0.0009059163036900356
2015-11-11,-0.00269219207767355
2015-11-12,0.0
2015-11-13,0.0
2015-11-16,0.0006816855002901613
2015-11-17,0.00014320008062791218
2015-11-18,0.001987493560026381
2015-11-19,0.0027387704926320083
2015-11-20,0.0004404157164545721
2015-11-23,-0.0024083248464204688
2015-11-24,0.0015618832153110175
2015-11-25,-0.0008158929862317963
2015-11-27,0.001091133729371792
2015-11-30,0.0022394004786621706
2015-12-01,-0.0014231599690469944
2015-12-02,0.0004334748236091814
2015-12-03,-0.00024496189479777486
2015-12-04,-0.0008997165610089427
2015-12-07,-0.009054535738948558
2015-12-08,-0.004184245957660873
2015-12-09,0.0022257672340083227
2015-12-10,-0.010633821146169491
2015-12-11,0.0
2015-12-14,0.0
2015-12-15,0.0
2015-12-16,0.0015632571729285762
2015-12-17,0.0
2015-12-18,0.0
2015-12-21,0.0
2015-12-22,0.0
2015-12-23,0.0015974953084980452
2015-12-24,-0.0019962834312142273
2015-12-28,0.003495970627173364
2015-12-29,-0.0017955578428654935
2015-12-30,-0.002252817883333571
2015-12-31,0.0
2016-01-04,0.0
2016-01-05,0.0
2016-01-06,0.0
2016-01-07,0.0
2016-01-08,0.0
2016-01-11,0.0
2016-01-12,0.0
2016-01-13,0.0
2016-01-14,0.0
2016-01-15,0.0
2016-01-19,0.0
2016-01-20,0.0
2016-01-21,0.0
2016-01-22,0.0
2016-01-25,0.0
2016-01-26,0.0
2016-01-27,0.0
2016-01-28,0.0
2016-01-29,0.0
2016-02-01,0.0
2016-02-02,0.0
2016-02-03,0.0
2016-02-04,0.0
2016-02-05,0.0
2016-02-08,0.0
2016-02-09,0.0
2016-02-10,0.0
2016-02-11,0.0
2016-02-12,0.0
2016-02-16,0.0
2016-02-17,0.0
2016-02-18,0.0
2016-02-19,0.0
2016-02-22,0.0
2016-02-23,0.0
2016-02-24,0.0
2016-02-25,0.0
2016-02-26,0.0
2016-02-29,0.0
2016-03-01,0.0
2016-03-02,0.0
2016-03-03,0.0
2016-03-04,0.0
2016-03-07,0.0
2016-03-08,0.0
2016-03-09,0.0
2016-03-10,0.0
2016-03-11,-0.0024393117317200704
2016-03-14,-0.005732577071361975
2016-03-15,-0.002446829661513266
2016-03-16,-0.0021796429890382084
2016-03-17,0.0032105111579049297
2016-03-18,-0.0012748061833285271
2016-03-21,-0.0040424644229178925
2016-03-22,-0.0004975788123693168
2016-03-23,-0.004537061958670016
2016-03-24,0.0003847942800402931
2016-03-28,-0.0006330473912260245
2016-03-29,0.0059251437401160205
2016-03-30,-0.0007103552634668971
2016-03-31,-3.6833830866929895e-05
2016-04-01,0.0035004540265340446
2016-04-04,-0.012669751507947469
2016-04-05,-0.00433128811624048
2016-04-06,-0.004858296977234699
2016-04-07,0.008659666318314746
2016-04-08,0.005222375206859492
2016-04-11,0.0025179794460917716
2016-04-12,0.0041676545557621176
2016-04-13,-0.003723211546717693
2016-04-14,-0.0012514122975566264
2016-04-15,-0.004334810649887733
2016-04-18,0.0023115928479753908
2016-04-19,-0.001307661035810976
2016-04-20,-4.2035474635475427e-05
2016-04-21,-0.0034841551046758835
2016-04-22,-0.0011650858244901129
2016-04-25,0.003888364131414611
2016-04-26,-0.0046640574646823665
2016-04-27,-0.004932216349136907
2016-04-28,-0.0021982201164258927
2016-04-29,0.0013431660373015623
2016-05-02,-0.006740204205705085
2016-05-03,-0.002591831535645024
2016-05-04,0.0020171892262308244
2016-05-05,-0.001458459234512117
2016-05-06,0.000499479154224909
2016-05-09,0.0013126019655305022
2016-05-10,-0.00031594849755593767
2016-05-11,0.000873212538975965
2016-05-12,-0.0011318164454334754
2016-05-13,6.539591195240418e-05
2016-05-16,0.0008075045255098171
2016-05-17,-0.0009235630612959355
2016-05-18,-0.002822769745536875
2016-05-19,0.00233545252819221
2016-05-20,0.004601643533324141
2016-05-23,0.0018128842930265339
2016-05-24,0.0031736027131790937
2016-05-25,0.0005690751937484054
2016-05-26,0.0013692282858659961
2016-05-27,0.002023027549501964
2016-05-31,-0.0027393608859404028
2016-06-01,-0.0027406122079822667
2016-06-02,-0.0022032812932718015
2016-06-03,0.0020489467002905173
2016-06-06,0.004105851333195423
2016-06-07,0.0034146958176808004
2016-06-08,-0.005711489989956311
2016-06-09,-0.010048941021127682
2016-06-10,-0.008010237096247073
2016-06-13,-0.001843010056240344
2016-06-14,0.003071819631908759
2016-06-15,-0.0030451862017907482
2016-06-16,3.5786372844877286e-05
2016-06-17,0.007897020552401114
2016-06-20,0.00170938372780884
2016-06-21,0.00017840244283688048
2016-06-22,0.006679852008057781
2016-06-23,-0.03568834474187068
2016-06-24,-0.004072687118722578
2016-06-27,0.0
2016-06-28,0.00813523297489147
2016-06-29,0.001464779173931197
2016-06-30,-0.0009559101302443127
2016-07-01,-0.005438980566731315
2016-07-05,-0.00583566514246449
2016-07-06,0.0011163142576235587
2016-07-07,9.416711910214721e-05
2016-07-08,0.005734547367992451
2016-07-11,0.0031910686440399165
2016-07-12,0.0015451301379738364
2016-07-13,0.004952591725576597
2016-07-14,0.001344157663624466
2016-07-15,0.0030893940438259087
2016-07-18,-0.003688027611680491
2016-07-19,0.004150108988151567
2016-07-20,-0.0008301884543131053
2016-07-21,0.000753084248193046
2016-07-22,0.00580523511366317
2016-07-25,0.00225544849456506
2016-07-26,0.0037899317492481035
2016-07-27,-0.0015265339745394926
2016-07-28,0.0015031889302053174
2016-07-29,0.003862766841026822
2016-08-01,-0.0023156788135844535
2016-08-02,-0.00371899365318612
2016-08-03,0.002834756334444044
2016-08-04,0.007151878357141996
2016-08-05,0.0013941956611519797
2016-08-08,0.0028486421195964623
2016-08-09,-0.003418526157726555
2016-08-10,0.0015336655833726566
2016-08-11,-0.0008574801007205865
2016-08-12,0.0030013762796988756
2016-08-15,-0.002350289934157306
2016-08-16,-0.0011951503872418816
2016-08-17,-0.00020323461594730344
2016-08-18,0.0016253931015639304
2016-08-19,-0.00043270788936257415
2016-08-22,0.005001231396041045
2016-08-23,0.0009319073630651797
2016-08-24,0.0024018643770330837
2016-08-25,0.0020808255335108814
2016-08-26,0.0022872594033860787
2016-08-29,-0.0013340984372052888
2016-08-30,-0.0008714620033685725
2016-08-31,-0.002932974329972744
2016-09-01,0.006729577673234238
2016-09-02,0.0033627226406807206
2016-09-06,-0.00019001532537219515
2016-09-07,-0.005152710827084794
2016-09-08,-0.008772724118935238
2016-09-09,-0.00806783056284226
2016-09-12,-0.0039050852393303862
2016-09-13,0.0
2016-09-14,0.0
2016-09-15,0.0
2016-09-16,0.007875338231123121
2016-09-19,0.005318609936587082
2016-09-20,0.005540354768575618
2016-09-21,0.006579715091871674
2016-09-22,-0.004330398228433474
2016-09-23,-0.0069145784380901685
2016-09-26,0.0024578465306428487
2016-09-27,0.0017965295816235898
2016-09-28,-0.002915751113366938
2016-09-29,0.0026288545754860394
2016-09-30,0.000948379255369414
2016-10-03,0.002550350945939955
2016-10-04,0.0031620819222202374
2016-10-05,-0.001046927263484316
2016-10-06,0.0016305861178436026
2016-10-07,0.004599690971975501
2016-10-10,-0.0014417959047897551
2016-10-11,0.003024655893337691
2016-10-12,-0.008876263727727835
2016-10-13,0.011733369068542127
2016-10-14,0.0012500438325582493
2016-10-17,0.009866315274261852
2016-10-18,-0.004457209967807163
2016-10-19,-0.0006848409079365811
2016-10-20,-0.0034385133930521245
2016-10-21,0.004334711412942181
2016-10-24,-0.0018828789406262602
2016-10-25,-0.007506467987651684
2016-10-26,0.005273621722241859
2016-10-27,0.0007307550515258823
2016-10-28,0.004740502811643359
2016-10-31,0.0023903170095710084
2016-11-01,0.0017319460437491708
2016-11-02,-0.00044394559432342024
2016-11-03,-0.007629639423378217
2016-11-04,0.01902799971005265
2016-11-07,-0.0025550067573477217
2016-11-08,-0.021847231014779957
2016-11-09,0.0011705539822836886
2016-11-10,0.0005730015794012376
2016-11-11,-0.0010561950120329296
2016-11-14,0.0031724313581872068
2016-11-15,-0.0008810577995819833
2016-11-16,0.002983820521193062
2016-11-17,-0.0016043750616726736
2016-11-18,0.0036609566677287164
2016-11-21,0.003705115714348386
2016-11-22,-0.0011905098319509233
2016-11-23,7.761814162120766e-05
2016-11-25,-0.0019952246893752057
2016-11-28,0.0006230050587948479
2016-11-29,0.0011958464681610461
2016-11-30,4.247714189194583e-05
2016-12-01,-0.0007805977997741497
2016-12-02,0.005212385074571775
2016-12-05,0.004322791219538487
2016-12-06,0.00389788429748559
2016-12-07,0.004795158035884702
2016-12-08,0.0018242058994035486
2016-12-09,-0.003010106418769629
2016-12-12,0.004179361894946592
2016-12-13,-0.0012393357729791217
2016-12-14,0.0032147235596272643
2016-12-15,0.004698544487394885
2016-12-16,0.0018295332381338555
2016-12-19,0.007793594411508581
2016-12-20,0.001438396735199985
2016-12-21,0.0014694186075043785
2016-12-22,-0.004885171256128576
2016-12-23,0.0029074389264579776
2016-12-27,0.006400703199409552
2016-12-28,-0.005952643680048492
2016-12-29,0.002481242475949113
2016-12-30,0.004163140267984383
2017-01-03,-0.000533838190846809
2017-01-04,-0.00043616772075865756
2017-01-05,0.0013589135620207034
2017-01-06,0.00038705060278475576
2017-01-09,0.0007392074938058608
2017-01-10,-0.002071171484601364
2017-01-11,-0.0066376630794224125
2017-01-12,0.0007522449977568173
2017-01-13,-0.008249397477274857
2017-01-17,-0.002214924409983846
2017-01-18,-0.00031002162237745963
2017-01-19,0.006667254518329285
2017-01-20,0.0003259259258012294
2017-01-23,0.004426339908349695
2017-01-24,0.011045203923449449
2017-01-25,0.0015756442613097878
2017-01-26,0.0013400579228821812
2017-01-27,-0.005193611776525305
2017-01-30,-0.005599452068125995
2017-01-31,0.005902625489751899
2017-02-01,-0.0048992647494989355
2017-02-02,0.003047752498491141
2017-02-03,0.00020474554738192
2017-02-06,0.003583415917747047
2017-02-07,-0.0012173738519766439
2017-02-08,0.00463716057759868
2017-02-09,0.0028710473224917753
2017-02-10,0.0037752614351426452
2017-02-13,-0.0038091360394328757
2017-02-14,-0.0007438025946729363
2017-02-15,-0.0005824490834430946
2017-02-16,-0.004030324989257668
2017-02-17,0.005545174744175088
2017-02-21,0.0015017431685832928
2017-02-22,-0.004072848404375062
2017-02-23,-0.012065649295487358
2017-02-24,-0.0019687244192780023
2017-02-27,0.0021965708601463197
2017-02-28,0.00784845420810447
2017-03-01,-0.0012657555576517064
2017-03-02,-0.0017197266910321926
2017-03-03,-0.0049828635326769075
2017-03-06,-0.001319355233248742
2017-03-07,0.003172484939451781
2017-03-08,-0.0012511906669573246
2017-03-09,0.004955144453159054
2017-03-10,0.005082515128936968
2017-03-13,-0.003727721035668403
2017-03-14,-0.0006419115272766947
2017-03-15,0.0012498704994342582
2017-03-16,0.0019163533428222196
2017-03-17,0.0023402951587149583
2017-03-20,0.0032746653882025417
2017-03-21,-0.0011917635304225288
2017-03-22,-0.0038456700574310346
2017-03-23,0.007615286263418519
2017-03-24,-0.0104442493161352
2017-03-27,0.002441014472350825
2017-03-28,-0.000833977444797148
2017-03-29,-0.00012385116879018568
2017-03-30,-0.0014589157284563795
2017-03-31,0.0032523047937828373
2017-04-03,-0.0105651200959065
2017-04-04,0.001997291839088245
2017-04-05,-0.005177312754748866
2017-04-06,-7.336672695025211e-05
2017-04-07,-0.0008930937410725143
2017-04-10,-0.0032269653483633087
2017-04-11,-0.0018265059490556346
2017-04-12,0.0
2017-04-13,0.0
2017-04-17,-0.005205212165668205
2017-04-18,0.005254685813866412
2017-04-19,0.005597823858437101
2017-04-20,0.00016351263466190012
2017-04-21,0.012711795363409875
2017-04-24,0.003736613536039579
2017-04-25,-0.0012529816294073394
2017-04-26,0.003351931588232864
2017-04-27,0.004085073669060873
2017-04-28,0.004913712322961303
2017-05-01,0.001279943750908084
2017-05-02,-0.0016314794035988587
2017-05-03,-0.00027903867832075076
2017-05-04,0.000772960875570126
2017-05-05,-0.0015263764328466564
2017-05-08,0.0023581969953678722
2017-05-09,-0.00034835473265639935
2017-05-10,-0.002641252693600573
2017-05-11,0.001812497700083209
2017-05-12,-0.0024538595361567506
2017-05-15,0.0018221441466728266
2017-05-16,-0.009744185852353565
2017-05-17,0.0009404971050213121
2017-05-18,0.0020602704555418264
2017-05-19,0.0033845464075525824
2017-05-22,0.0017905322826813098
2017-05-23,0.0025714633418131385
2017-05-24,0.0026686299607265526
2017-05-25,-0.0003472606361778505
2017-05-26,-0.00012973343006677173
2017-05-30,0.0014634607884466998
2017-05-31,0.002742624894152888
2017-06-01,0.001205970828214418
2017-06-02,-0.0002001274989218269
2017-06-05,-0.0017299457684326568
2017-06-06,0.006079390643952647
2017-06-07,0.00730602282849549
2017-06-08,0.005877016122893919
2017-06-09,-0.010825368176940152
2017-06-12,0.009182893654712712
2017-06-13,0.001664196335210684
2017-06-14,-0.014011713529622032
2017-06-15,0.002367804523358275
2017-06-16,0.010834535692938485
2017-06-19,0.006429003195061767
2017-06-20,0.009201113599160073
2017-06-21,0.000920178788476667
2017-06-22,-0.0030752516792111884
2017-06-23,0.010180498067852952
2017-06-26,-0.007433850899398998
2017-06-27,0.006678185450132871
2017-06-28,-0.004020211463085426
2017-06-29,0.001898620046183837
2017-06-30,0.005092422008981803
2017-07-03,0.0033850538194534563
2017-07-05,-0.006760467127972414
2017-07-06,0.003768272171358822
2017-07-07,0.004015486690141956
2017-07-10,0.0006920046361676294
2017-07-11,0.008181999332093345
2017-07-12,0.0012706181966757504
2017-07-13,0.0016841948032695632
2017-07-14,0.0010890414764942748
2017-07-17,-0.0071171258008018694
2017-07-18,0.002967228605972219
2017-07-19,0.001408382958160899
2017-07-20,-0.0028660300179768664
2017-07-21,0.0017685145913977922
2017-07-24,-0.004136435529142261
2017-07-25,0.0017568207095690583
2017-07-26,0.003670369269588583
2017-07-27,-0.006934915935371002
2017-07-28,0.0029900123779048934
2017-07-31,0.002652021628395767
2017-08-01,0.008442525088114668
2017-08-02,-0.000788242457086414
2017-08-03,0.0020339699161286756
2017-08-04,0.0038209029684476373
2017-08-07,-0.00043059715720016295
2017-08-08,-0.01081919904678663
2017-08-09,-0.007502408514021492
2017-08-10,-0.00017046979767882043
2017-08-11,0.009959910202047072
2017-08-14,0.005667161470387151
2017-08-15,0.001884448229232232
2017-08-16,-0.003667260224876141
2017-08-17,0.0022742844756815303
2017-08-18,0.0016188675884327578
2017-08-21,0.006805971323725207
2017-08-22,-0.00552259554690236
2017-08-23,0.0032058478395108696
2017-08-24,0.001935604505144082
2017-08-25,0.001163324013334586
2017-08-28,-0.010937216569423576
2017-08-29,0.0017520315934475388
2017-08-30,0.0022477280941712685
2017-08-31,0.00239842133640104
2017-09-01,-0.00672937958275795
2017-09-05,0.0026902532050104336
2017-09-06,0.0015593873351627144
2017-09-07,-0.0018196051486002512
2017-09-08,0.009226968479164623
2017-09-11,0.0039041347644204246
2017-09-12,-0.0014992163532217215
2017-09-13,-0.005052228411212822
2017-09-14,0.0017657120375252913
2017-09-15,0.0067016562394527305
2017-09-18,0.0009337726179817726
2017-09-19,-0.0013863397471169162
2017-09-20,-0.0010456612950824474
2017-09-21,-0.007484627787846898
2017-09-22,-0.005295135467464652
2017-09-25,0.009658237077072546
2017-09-26,0.006423076606509057
2017-09-27,-0.002843655586833855
2017-09-28,0.003429019085147045
2017-09-29,0.004207375782640082
2017-10-02,-0.0011600470382848057
2017-10-03,-0.0025556167456178506
2017-10-04,0.0046863387094458414
2017-10-05,-0.005550806516977542
2017-10-06,-0.00022694564605475455
2017-10-09,0.009197182795715176
2017-10-10,-0.0017954959137794987
2017-10-11,-0.0009779247610961226
2017-10-12,0.0052070350124937825
2017-10-13,0.0012741250925159921
2017-10-16,-0.0018365582147408085
2017-10-17,0.0010001526209875314
2017-10-18,-0.009887268366593543
2017-10-19,0.0038002172784632115
2017-10-20,0.0037813350163073125
2017-10-23,0.0018659354769769592
2017-10-24,-0.00370577636249424
2017-10-25,0.002680654521161328
2017-10-26,0.004715137101471176
2017-10-27,0.000734220441935083
2017-10-30,0.0038252895167348953
2017-10-31,0.00344280645201362
2017-11-01,-0.0004799703331960669
2017-11-02,0.002896546868822247
2017-11-03,-0.0009980163364818593
2017-11-06,0.0013668628761565231
2017-11-07,-0.0011571507953260938
2017-11-08,-0.004962371690175131
2017-11-09,-0.0004934599146447714
2017-11-10,-0.0031509797636424964
2017-11-13,-0.0019008643231507127
2017-11-14,0.0
2017-11-15,0.0
2017-11-16,0.0
2017-11-17,0.0008973911845529495
2017-11-20,0.004649282238328515
2017-11-21,0.001154975125123761
2017-11-22,0.0011641298910897518
2017-11-24,-0.006563894485642205
2017-11-27,0.001725012407355573
2017-11-28,-0.0028617686485366244
2017-11-29,0.0035912359778561063
2017-11-30,-0.004537554717609198
2017-12-01,0.003558528423699654
2017-12-04,-0.004019898605018228
2017-12-05,-0.0034141309013491442
2017-12-06,0.001596338113922773
2017-12-07,0.003009911590674812
2017-12-08,-1.1916707038650364e-05
2017-12-11,-0.0014361951332398746
2017-12-12,0.0024477717290106683
2017-12-13,0.0009611463818450532
2017-12-14,0.004640315961563376
2017-12-15,0.002674769227921265
2017-12-18,-0.0016018872812460993
2017-12-19,0.002619728945143325
2017-12-20,0.0003400763517994301
2017-12-21,-0.001958236106190685
2017-12-22,-0.006284052912380855
2017-12-26,-0.00029720976984712186
2017-12-27,0.0024957779819668687
2017-12-28,3.1441493238202505e-05
2017-12-29,0.006884395083925319
2018-01-02,0.004169126066705134
2018-01-03,0.005988820807110434
2018-01-04,0.004374921063166869
2018-01-05,0.0014933905906678296
2018-01-08,0.001108905388872632
2018-01-09,-0.007935390069898912
2018-01-10,0.0018744033558960684
2018-01-11,-0.0046237367629205625
2018-01-12,0.003461638983368057
2018-01-16,0.002735394667236882
2018-01-17,-0.0015492442480978781
2018-01-18,0.002070527714045077
2018-01-19,-0.001135132526005724
2018-01-22,0.005557988304180393
2018-01-23,0.0019133064524938332
2018-01-24,0.004561835937184098
2018-01-25,0.0071603278839216565
2018-01-26,-0.0008608014255872896
2018-01-29,-0.007577790174431824
2018-01-30,0.002595546793990933
2018-01-31,-0.00736735988359097
2018-02-01,-0.004942891140400051
2018-02-02,-0.009512175213365245
2018-02-05,-0.0015131207954745963
2018-02-06,0.0
2018-02-07,0.0
2018-02-08,0.0
2018-02-09,0.0
2018-02-12,0.0
2018-02-13,0.0
2018-02-14,0.0
2018-02-15,0.0
2018-02-16,0.0
2018-02-20,0.0
2018-02-21,0.0
2018-02-22,0.0
2018-02-23,0.0
2018-02-26,4.051714026091616e-05
2018-02-27,0.0009975109115033698
2018-02-28,0.0
2018-03-01,0.0
2018-03-02,0.0
2018-03-05,0.0
2018-03-06,0.0
2018-03-07,0.0015277956397067884
2018-03-08,0.0016939614554407091
2018-03-09,0.006685160394973714
2018-03-12,0.0019211036893702084
2018-03-13,0.0009743481323584514
2018-03-14,-0.00041373171814099705
2018-03-15,0.0021855113337672168
2018-03-16,-0.0077449935728020666
2018-03-19,0.000145513092939842
2018-03-20,-0.0008860297090126477
2018-03-21,-0.004582091671691931
2018-03-22,-0.0003023498266424806
2018-03-23,0.010719756786087279
2018-03-26,0.001297566222910902
2018-03-27,0.0
2018-03-28,0.0
2018-03-29,0.0
2018-04-02,0.0
2018-04-03,0.0
2018-04-04,0.0
2018-04-05,0.0
2018-04-06,0.0
2018-04-09,0.0
2018-04-10,0.0
2018-04-11,0.0
2018-04-12,0.0
2018-04-13,0.0
2018-04-16,0.0005695860822500354
2018-04-17,-0.000333963956786425
2018-04-18,-0.002463961443680423
2018-04-19,0.0
2018-04-20,0.0
2018-04-23,0.0
2018-04-24,-0.0005824891430929502
2018-04-25,0.002978555611538454
2018-04-26,0.0018603804505146603
2018-04-27,0.00025159281246828875
2018-04-30,-0.00018672278077042523
2018-05-01,-0.00010163437561925724
2018-05-02,0.0005300231975668713
2018-05-03,-0.0005378646116980845
2018-05-04,0.0035161374808086172
2018-05-07,-0.00026402436232225257
2018-05-08,0.0020421729544212843
2018-05-09,0.0024978481788450685
2018-05-10,-0.0029004979592907884
2018-05-11,0.00414308971984672
2018-05-14,-0.0017011291421964558
2018-05-15,0.004202288360963542
2018-05-16,-0.0013987233841112221
2018-05-17,-0.0015054023871178648
2018-05-18,0.011693503728521217
2018-05-21,0.007925844482816871
2018-05-22,-0.0048062974404933095
2018-05-23,-0.0008459630955252792
2018-05-24,-0.001059204784171066
2018-05-25,-0.004418198557666338
2018-05-29,0.0049153379730859145
2018-05-30,-0.006121704928422407
2018-05-31,0.006517942270136942
2018-06-01,0.004020237073036157
2018-06-04,0.002025430067038424
2018-06-05,-0.0002190548872726469
2018-06-06,0.0004252023521376014
2018-06-07,-0.007674266330626024
2018-06-08,-0.0012556525117672155
2018-06-11,0.001901020719681228
2018-06-12,0.00028782116779479315
2018-06-13,0.006298924439216254
2018-06-14,-0.004131213482065894
2018-06-15,-0.005908984138093262
2018-06-18,-0.01330654471592532
2018-06-19,0.003895392883452673
2018-06-20,0.002456499740364402
2018-06-21,0.0014030782388147014
2018-06-22,-0.011306832965923238
2018-06-25,0.00784427360608167
2018-06-26,0.00405625951006368
2018-06-27,-0.0032293146334128452
2018-06-28,0.004715401463419365
2018-06-29,-0.0083946846332181
2018-07-02,0.0011044856835661571
2018-07-03,0.007343137674083843
2018-07-05,-0.0007521104618082883
2018-07-06,0.007797380378515478
2018-07-09,0.0012490588780281245
2018-07-10,-0.013259838303467525
2018-07-11,0.004971905630647964
2018-07-12,0.0015630831043310293
2018-07-13,0.0007256519912092509
2018-07-16,-0.006403328783028774
2018-07-17,0.0008796790496797427
2018-07-18,-0.005655046619446794
2018-07-19,3.077945252383062e-05
2018-07-20,-0.004206391961625176
2018-07-23,0.007205240547354728
2018-07-24,-0.00040203844231025273
2018-07-25,-0.0029050122153092524
2018-07-26,0.0037240574146056105
2018-07-27,-0.00022099724740470592
2018-07-30,0.003046868098757345
2018-07-31,0.0017446778639901366
2018-08-01,-0.0067082447072951785
2018-08-02,0.0007002448678531862
2018-08-03,-0.0024840145761262566
2018-08-06,0.002965606617811414
2018-08-07,-2.7659149462852767e-05
2018-08-08,-0.00010727942685695164
2018-08-09,-0.006495107811329256
2018-08-10,0.0006520169155567436
2018-08-13,0.004488124748820069
2018-08-14,-0.005387286040563563
2018-08-15,0.002675517128264471
2018-08-16,-0.0013746710742018053
2018-08-17,0.0003177908274711985
2018-08-20,0.0017563962253930715
2018-08-21,-0.0018914190608386213
2018-08-22,-0.0007054915353458011
2018-08-23,0.004589049028212125
2018-08-24,0.008229163104051293
2018-08-27,0.004363235885012249
2018-08-28,-0.00039756757255284995
2018-08-29,-0.0009207031201876846
2018-08-30,-0.0013832993468037478
2018-08-31,-0.0022579596296068444
2018-09-04,0.0024548017318086306
2018-09-05,-0.003022084203843831
2018-09-06,-0.004480081066297796
2018-09-07,0.004693959697201258
2018-09-10,-0.005690561432578498
2018-09-11,-0.0024054232727447602
2018-09-12,0.003656626608509224
2018-09-13,0.003136894836392508
2018-09-14,-0.0030280392240739796
2018-09-17,-0.0004457044190535652
2018-09-18,0.0011052316026286938
2018-09-19,0.0010800916065589485
2018-09-20,0.0019242664822906397
2018-09-21,-0.004545952776043224
2018-09-24,0.00033241636953859307
2018-09-25,-0.001283929171131945
2018-09-26,0.004252229395031173
2018-09-27,-5.0999907531232595e-05
2018-09-28,0.004569637059068424
2018-10-01,-0.0033619063216579347
2018-10-02,0.0033116406428645023
2018-10-03,-0.005902285414717055
2018-10-04,-0.002102536119388896
2018-10-05,-0.006358385700031575
2018-10-08,-0.0021520349435937636
2018-10-09,-0.006405406035622321
2018-10-10,0.0
2018-10-11,0.0
2018-10-12,0.0
2018-10-15,0.0013689829728098246
2018-10-16,0.0013320122947259397
2018-10-17,-0.0007736488003531483
2018-10-18,0.0
2018-10-19,0.0
2018-10-22,0.0
2018-10-23,0.0
2018-10-24,0.0
2018-10-25,0.0
2018-10-26,0.0
2018-10-29,0.0
2018-10-30,0.0
2018-10-31,0.0
2018-11-01,0.0
2018-11-02,0.0
2018-11-05,0.0
2018-11-06,0.0006285059556270413
2018-11-07,5.765738954337077e-05
2018-11-08,-0.0007229817168092057
2018-11-09,-0.0006505355127313139
2018-11-12,0.0
2018-11-13,0.0
2018-11-14,0.0
2018-11-15,0.0
2018-11-16,0.0
2018-11-19,0.0
2018-11-20,0.0
2018-11-21,0.0
2018-11-23,0.0
2018-11-26,0.0
2018-11-27,0.0
2018-11-28,-0.0010410258894480307
2018-11-29,0.0
2018-11-30,0.0077803224725095585
2018-12-03,-0.0021493990288220257
2018-12-04,0.0
2018-12-06,0.0
2018-12-07,0.0
2018-12-10,0.0
2018-12-11,0.0
2018-12-12,0.0
2018-12-13,0.0
2018-12-14,0.0
2018-12-17,0.0
2018-12-18,0.0
2018-12-19,0.0
2018-12-20,0.0
2018-12-21,0.0
2018-12-24,0.0
2018-12-26,0.0
2018-12-27,0.0
2018-12-28,0.0
2018-12-31,0.0
2019-01-02,0.0
2019-01-03,0.0
2019-01-04,0.0
2019-01-07,0.0
2019-01-08,0.0
2019-01-09,0.0
2019-01-10,0.0
2019-01-11,0.0
2019-01-14,0.0
2019-01-15,0.0
2019-01-16,0.0
2019-01-17,0.0
2019-01-18,0.0
2019-01-22,0.0
2019-01-23,0.0
2019-01-24,0.0
2019-01-25,0.0
2019-01-28,0.0
2019-01-29,0.0
2019-01-30,0.0
2019-01-31,0.0
2019-02-01,0.0
2019-02-04,0.00016384519347468996
2019-02-05,0.00032166223446571834
2019-02-06,-0.0033608249904915977
2019-02-07,0.0
2019-02-08,0.0
2019-02-11,0.0
2019-02-12,0.0007090135579848635
2019-02-13,-0.0008040131209162227
2019-02-14,0.002504094371337749
2019-02-15,-0.0011022447355026911
2019-02-19,0.0006534231231000921
2019-02-20,-0.0005444065370552929
2019-02-21,0.0006473580409685645
2019-02-22,0.004081927228832387
2019-02-25,-0.0013678230738965746
2019-02-26,-0.0025444700578200587
2019-02-27,-0.0031732270250106383
2019-02-28,0.0007286257878306243
2019-03-01,0.0029402106000738968
2019-03-04,-0.0004080454901715688
2019-03-05,0.0009955244357810838
2019-03-06,-0.0025614889602285796
2019-03-07,-0.009313327625739023
2019-03-08,0.0024911192632700364
2019-03-11,0.0011537817777081364
2019-03-12,0.0027346014460265036
2019-03-13,-0.0028012424360316077
2019-03-14,0.0007618530240126488
2019-03-15,-0.0009890985813759286
2019-03-18,0.002818584468351988
2019-03-19,0.00181790671962135
2019-03-20,-0.00015339818221579997
2019-03-21,-0.0041100486308151465
2019-03-22,-0.00301244593323847
2019-03-25,0.006604784428354251
2019-03-26,-0.00017754643877051243
2019-03-27,0.000883958528107534
2019-03-28,0.00663480331976988
2019-03-29,0.008662386920063278
2019-04-01,0.0009186300125646901
2019-04-02,0.0077683899518129354
2019-04-03,-0.002995545238232906
2019-04-04,0.0041247510806508
2019-04-05,-0.00485650684133306
2019-04-08,-0.0046422719334464025
2019-04-09,0.0013144459518203404
2019-04-10,0.0001676704675349729
2019-04-11,0.00429829089763064
2019-04-12,-0.0008720892514034869
2019-04-15,0.0036509728960736664
2019-04-16,0.006687529738207615
2019-04-17,0.0012638713229043178
2019-04-18,-0.0034981498128493957
2019-04-22,0.0015571269015669346
2019-04-23,-0.0007564773080452533
2019-04-24,0.0017355898740009559
2019-04-25,-0.005815607403363951
2019-04-26,-0.00013794358898517394
2019-04-29,-0.002701171898189174
2019-04-30,0.003685980550478614
2019-05-01,0.00035815842993705256
2019-05-02,0.0048968233304354
2019-05-03,-0.027297920669002704
2019-05-06,-0.007995527003246733
2019-05-07,-0.0036517377295327462
2019-05-08,-0.00991354715564187
2019-05-09,-0.004386465454982227
2019-05-10,0.0
2019-05-13,0.004604095561836226
2019-05-14,-0.00429938756731874
2019-05-15,-0.003930451529122256
2019-05-16,-0.008264714280598566
2019-05-17,-0.013166018286547272
2019-05-20,0.00615733703344148
2019-05-21,-0.0036272944611693944
2019-05-22,-0.007321058339388664
2019-05-23,0.0036762243883577297
2019-05-24,0.004317252239093584
2019-05-28,-0.0020096115481690615
2019-05-29,0.0019552053603742394
2019-05-30,-0.00709759487299898
2019-05-31,0.0
2019-06-03,0.0
2019-06-04,0.004659433676461234
2019-06-05,0.0022758129035381548
2019-06-06,0.0036064438984668716
2019-06-07,0.007002407316783584
2019-06-10,0.009316206500648367
2019-06-11,-0.003170222938393338
2019-06-12,0.0017845671971929325
2019-06-13,-0.002582176032110695
2019-06-14,0.001905053869723583
2019-06-17,0.008441157636881774
2019-06-18,0.0006006304416387455
2019-06-19,0.009801597637954802
2019-06-20,-0.002507988151933202
2019-06-21,0.0026103197356206285
2019-06-24,-0.0018289034844592073
2019-06-25,0.008381668346049424
2019-06-26,0.00511213755490926
2019-06-27,0.002509953880667773
2019-06-28,0.02295512618823105
2019-07-01,-0.0012755787928104543
2019-07-02,-0.004275838722043307
2019-07-03,-0.0044950385452320035
2019-07-05,-0.004290320000080414
2019-07-08,-0.003651931994469475
2019-07-09,0.0
2019-07-10,0.0
2019-07-11,0.0
2019-07-12,0.0031838433717523915
2019-07-15,-0.002559098231524328
2019-07-16,0.0008747786297986361
2019-07-17,-0.0024220174322287487
2019-07-18,0.0033273909956799716
2019-07-19,0.006479774429069828
2019-07-22,0.004357969901639825
2019-07-23,-0.0011678811272505538
2019-07-24,-0.0022959224128251262
2019-07-25,0.003966313672489284
2019-07-26,-0.0012452182691832078
2019-07-29,-0.005006082788899278
2019-07-30,-0.002404444506333667
2019-07-31,0.0008764097812150507
2019-08-01,-0.009627402309198167
2019-08-02,-0.023447423128165654
2019-08-05,0.01347872448306818
2019-08-06,-0.006625978745228376
2019-08-07,0.012865921630724652
2019-08-08,-0.005780959089295071
2019-08-09,-0.005556714921053376
2019-08-12,0.00015316982395068094
2019-08-13,-0.01787774437652268
2019-08-14,0.003362840063258879
2019-08-15,0.0073085481905972895
2019-08-16,0.014424507064178093
2019-08-19,-0.002784267017014559
2019-08-20,0.009968412149144928
2019-08-21,0.0009526625087367504
2019-08-22,-0.01093194826587097
2019-08-23,0.011566584186672628
2019-08-26,0.0063548230217965575
2019-08-27,-0.004260573256818673
2019-08-28,0.015814218644309496
2019-08-29,0.006914562508069167
2019-08-30,-0.01196933645388859
2019-09-03,0.014837251065130033
2019-09-04,0.015607782152695272
2019-09-05,-0.0016264200951131122
2019-09-06,0.005787765265007438
2019-09-09,-0.005229574330903031
2019-09-10,0.0026032947840131
2019-09-11,0.00595860474041095
2019-09-12,-0.0023073563440152056
2019-09-13,-0.008560337555223035
2019-09-16,0.00038497259759742215
2019-09-17,-0.0010752727019374241
2019-09-18,0.0034108990267478715
2019-09-19,0.0006001269569407611
2019-09-20,0.0008969699038362761
2019-09-23,0.005117628985448387
2019-09-24,-0.0038994862164891445
2019-09-25,-0.0017729858294540943
2019-09-26,-0.0022445077490471153
2019-09-27,0.004794190672669539
2019-09-30,0.0047753706618709705
2019-10-01,-0.0072187214063218555
2019-10-02,0.00019881599895503558
2019-10-03,0.004149458190214077
2019-10-04,-0.001654756310491911
2019-10-07,-0.007073995892579728
2019-10-08,0.010451908168722705
2019-10-09,0.0007995266197157115
2019-10-10,0.012196829633514015
2019-10-11,-0.0020403828435120565
2019-10-14,0.005040634667371334
2019-10-15,-0.004858848388480388
2019-10-16,0.0074611269335125305
2019-10-17,-0.00293693008034378
2019-10-18,0.007612194742346202
2019-10-21,0.002704731355997807
2019-10-22,-0.006949774288446017
2019-10-23,0.006078969416689956
2019-10-24,0.0003879502116265404
2019-10-25,0.0076978993598531996
2019-10-28,0.001189425866041725
2019-10-29,0.0024614986191816303
2019-10-30,-0.0017027115427586813
2019-10-31,0.002282738631524093
2019-11-01,0.01073771956036831
2019-11-04,0.0013593194503054194
2019-11-05,-0.0031218416235692546
2019-11-06,0.007611547558924636
2019-11-07,-0.005223209609212065
2019-11-08,-0.006355583913722241
2019-11-11,0.002589394980990268
2019-11-12,-0.0032404726826664957
2019-11-13,-0.0034966608868310443
2019-11-14,0.00758042263653345
2019-11-15,-0.00022700685729212884
2019-11-18,0.004795084032506913
2019-11-19,-0.004242318810934442
2019-11-20,-0.0029262131649600122
2019-11-21,-0.0018845444886565362
2019-11-22,0.008638238274718501
2019-11-25,-0.0017445099773059217
2019-11-26,0.005906149395303565
2019-11-27,-0.005295170110429937
2019-11-29,0.001448925464938604
2019-12-02,-0.01855343577373832
2019-12-03,0.009198285753817393
2019-12-04,0.004573834519371491
2019-12-05,0.008833080117977633
2019-12-06,-0.002536582254498229
2019-12-09,0.003106950728123882
2019-12-10,0.002690510152737101
2019-12-11,0.0008638965425243562
2019-12-12,-0.00011181102092495656
2019-12-13,0.009043815098359723
2019-12-16,0.003952949566526987
2019-12-17,0.00213164602302961
2019-12-18,0.0021189388132115796
2019-12-19,0.007396323354666901
2019-12-20,0.004954184026096441
2019-12-23,0.0006814130466419482
2019-12-24,0.002200053795329903
2019-12-26,0.003778422624628298
2019-12-27,-0.0013772348086306054
2019-12-30,-0.006567572065149587
2019-12-31,0.012827585850321826
2020-01-02,-0.013015581894638717
2020-01-03,-0.010664218847051357
2020-01-06,0.007913941318794786
2020-01-07,-0.0003564383046330289
2020-01-08,0.012741578903381706
2020-01-09,0.004616288175907026
2020-01-10,0.009504070986359935
2020-01-13,0.0029038472997732975
2020-01-14,-0.0026839651837880394
2020-01-15,0.0017301110507495067
2020-01-16,0.0032417629831869473
2020-01-17,0.00107618360675017
2020-01-21,0.010430351024121666
2020-01-22,0.0011096309854900725
2020-01-23,0.00937419367944111
2020-01-24,-0.03222598637305672
2020-01-27,0.008552268681690865
2020-01-28,0.0006088548216369841
2020-01-29,-0.0067521314237923855
2020-01-30,-0.0014735390584557065
2020-01-31,-0.0005123823942362795
2020-02-03,0.014630989778462012
2020-02-04,0.011432824968332218
2020-02-05,0.0025142420361676117
2020-02-06,-0.005514635598670528
2020-02-07,-0.0048632819533395285
2020-02-10,0.006841002610746108
2020-02-11,0.007138684643769736
2020-02-12,-0.0037480302505450203
2020-02-13,0.002911306273208014
2020-02-14,-0.004960012813611247
2020-02-18,0.005001992422361857
2020-02-19,-0.0023161078388330815
2020-02-20,-0.003360626893387264
2020-02-21,-0.027414585585185648
2020-02-24,0.0
2020-02-25,0.0018336257689051873
2020-02-26,-0.01013873363476662
2020-02-27,0.0
2020-02-28,0.0
2020-03-02,-2.1666545109493252e-05
2020-03-03,0.0
2020-03-04,0.0
2020-03-05,0.0
2020-03-06,0.0
2020-03-09,0.0
2020-03-10,0.0
2020-03-11,0.0
2020-03-12,0.0
2020-03-13,0.0
2020-03-16,0.0
2020-03-17,0.0
2020-03-18,0.0
2020-03-19,0.0
2020-03-20,0.0
2020-03-23,0.0
2020-03-24,0.0
2020-03-25,0.0
2020-03-26,0.0
2020-03-27,0.0
2020-03-30,0.0
2020-03-31,0.0
2020-04-01,0.0
2020-04-02,0.0
2020-04-03,0.0
2020-04-06,0.0
2020-04-07,0.0
2020-04-08,0.0
2020-04-09,0.0
2020-04-13,0.0
2020-04-14,0.0
2020-04-15,0.0
2020-04-16,0.0
2020-04-17,0.0
2020-04-20,0.0
2020-04-21,0.0
2020-04-22,0.0
2020-04-23,0.0
2020-04-24,0.0
2020-04-27,0.0
2020-04-28,0.0
2020-04-29,0.0
2020-04-30,0.0
2020-05-01,0.0
2020-05-04,0.0
2020-05-05,0.0
2020-05-06,0.0
2020-05-07,0.0
2020-05-08,0.0
2020-05-11,0.0
2020-05-12,0.0
2020-05-13,0.0
2020-05-14,0.0
2020-05-15,0.0
2020-05-18,0.0
2020-05-19,0.0
2020-05-20,0.0
2020-05-21,0.0
2020-05-22,0.0
2020-05-26,-0.0032139060279204835
2020-05-27,-0.00997788653062367
2020-05-28,0.0026093012031139944
2020-05-29,-0.000884721898103786
2020-06-01,-0.0006154311460576274
2020-06-02,0.0030285636425381847
2020-06-03,-0.0018130527848402296
2020-06-04,0.008161828388933635
2020-06-05,0.0014592267496929372
2020-06-08,-0.004877040455290438
2020-06-09,0.012784615274173296
2020-06-10,-0.024545394609225717
2020-06-11,0.025597441142126965
2020-06-12,-0.015530645113792525
2020-06-15,0.019678961306283604
2020-06-16,0.005194531000842323
2020-06-17,-0.0014331919172449353
2020-06-18,0.007461991216271543
2020-06-19,0.002851095908234226
2020-06-22,0.004855121647697531
2020-06-23,-0.003205380068383166
2020-06-24,0.000893917497176915
2020-06-25,-0.0005644874647519904
2020-06-26,0.0004461017366724598
2020-06-29,0.001351921417726181
2020-06-30,0.000410539749559207
2020-07-01,0.0190983382761279
2020-07-02,0.019820827906623744
2020-07-06,0.0006210384520745852
2020-07-07,0.008749523398689842
2020-07-08,0.008440355119716749
2020-07-09,-0.0004958433242139512
2020-07-10,0.01628610235859089
2020-07-13,-0.0011418457350673746
2020-07-14,0.007039100710324699
2020-07-15,-0.01602291487017749
2020-07-16,0.004474244309116493
2020-07-17,0.0024349021428140107
2020-07-20,0.007701815120224846
2020-07-21,0.00014404408846581596
2020-07-22,-0.0013401817285576389
2020-07-23,0.0015344305336903166
2020-07-24,0.00585286273902797
2020-07-27,-0.004946641107856105
2020-07-28,0.005921662116697984
2020-07-29,-0.006339596821113684
2020-07-30,0.0038036365167374926
2020-07-31,0.007218871407171431
2020-08-03,-0.0007714355213921404
2020-08-04,0.0010983657524824423
2020-08-05,-0.002550916135587346
2020-08-06,-0.0011259656884556632
2020-08-07,-0.0008506169859913566
2020-08-10,-0.004848389719289323
2020-08-11,0.01186870765730094
2020-08-12,0.004949911486406769
2020-08-13,0.0032187340632152256
2020-08-14,0.006533607612768348
2020-08-17,0.0056429297613157315
2020-08-18,-0.001504286563299022
2020-08-19,-0.0027406749043291144
2020-08-20,0.0018728778885281042
2020-08-21,0.014529473363253661
2020-08-24,-0.0026373119989805626
2020-08-25,0.00695991066278996
2020-08-26,0.0038987731979733204
2020-08-27,0.0044196226093614005
2020-08-28,-0.0005264208191839144
2020-08-31,0.00879495950432695
2020-09-01,0.016229458814095588
2020-09-02,-0.0260334199851393
2020-09-03,0.0
2020-09-04,0.0
2020-09-08,0.008229004788164934
2020-09-09,0.004331721694950154
2020-09-10,0.004100654752319467
2020-09-11,0.0049317276874107745
2020-09-14,0.003243913488358479
2020-09-15,0.0019431526909391475
2020-09-16,-0.011690619163254224
2020-09-17,0.0023821311316724715
2020-09-18,-0.00705392658815578
2020-09-21,0.003810959782149226
2020-09-22,-0.0003843279321286406
2020-09-23,-0.0033993289376207715
2020-09-24,0.0003616914490140523
2020-09-25,0.00842419502472842
2020-09-28,0.0002829168608765477
2020-09-29,-0.00035904613971417634
2020-09-30,0.006154833295025642
2020-10-01,-0.01650460069577778
2020-10-02,0.00731989863124563
2020-10-05,-0.003084507740318183
2020-10-06,0.011679309817047458
2020-10-07,0.011504037452135619
2020-10-08,0.0018937431638720765
2020-10-09,0.015040664584315175
2020-10-12,0.0061891006943688084
2020-10-13,0.0034019321506853057
2020-10-14,-0.01699677470100837
2020-10-15,0.005033331880947145
2020-10-16,0.007025043533241339
2020-10-19,0.003226118161223429
2020-10-20,0.0029569954827618813
2020-10-21,0.0015064541866928632
2020-10-22,0.0032424350994974876
2020-10-23,-0.009539446410327296
2020-10-26,0.0040033778622367835
2020-10-27,-0.017078896343367896
2020-10-28,0.002841314590786688
2020-10-29,-0.008198232747923775
2020-10-30,0.008074498840189969
2020-11-02,0.008687494726162993
2020-11-03,0.02996849589985236
2020-11-04,0.0202808002748077
2020-11-05,-0.0034538198944509377
2020-11-06,0.010251987114455444
2020-11-09,-0.011293179259987794
2020-11-10,0.013581035111258946
2020-11-11,0.000838894284652803
2020-11-12,0.0074359502092875675
2020-11-13,0.003764925807934527
2020-11-16,0.008198815856447984
2020-11-17,0.00145508183478315
2020-11-18,-0.0023725096236544905
2020-11-19,-0.0013758142272701623
2020-11-20,0.00924288560478831
2020-11-23,0.004791648761183498
2020-11-24,0.0007864936468644503
2020-11-25,0.0072088675677269495
2020-11-27,0.00024974119943372875
2020-11-30,0.012003162956110536
2020-12-01,-0.004849518451139369
2020-12-02,0.0065738385609215855
2020-12-03,0.0030347192161797303
2020-12-04,0.004180195559893054
2020-12-07,-0.002904483901762984
2020-12-08,-0.0012161079303953874
2020-12-09,-0.012785594526186427
2020-12-10,-0.006779590366631272
2020-12-11,0.0034381374361953216
2020-12-14,0.009957026285087447
2020-12-15,0.0011944407894664468
2020-12-16,0.005429859453456082
2020-12-17,0.003954242573812026
2020-12-18,-0.015448982120783019
2020-12-21,0.001643684405069069
2020-12-22,-0.0007112545281237096
2020-12-23,0.0024102726353262536
2020-12-24,0.010398141556295598
2020-12-28,0.0039761837943933865
2020-12-29,0.005607086620775434
2020-12-30,0.0018892986561429733
2020-12-31,0.007952690938961636
2021-01-04,0.000903033783976872
2021-01-05,-0.012257731776165171
2021-01-06,0.015480098227207908
2021-01-07,0.01208106913331335
2021-01-08,-0.011088330703786087
2021-01-11,0.004792979364887657
2021-01-12,-0.0023116475419449893
2021-01-13,-7.595448051457245e-05
2021-01-14,-0.0007392598865318689
2021-01-15,0.009878347886110797
2021-01-19,0.013101178505046789
2021-01-20,0.006469054311565763
2021-01-21,-0.003675546848191959
2021-01-22,0.013105999908702785
2021-01-25,-0.0003403292981652159
2021-01-26,-0.01008841681373495
2021-01-27,0.008931437015259086
2021-01-28,-0.004797324887823709
2021-01-29,0.01330795733393311
2021-02-01,0.007650150964789497
2021-02-02,0.0014107578592218388
2021-02-03,0.0011886470180484327
2021-02-04,0.0023718722554523595
2021-02-05,0.005768642055913992
2021-02-08,-0.0029893491966476917
2021-02-09,0.005592568272773611
2021-02-10,0.008173472763939635
2021-02-11,-0.004537330019315407
2021-02-12,0.005276642134898248
2021-02-16,-0.01120107435908401
2021-02-17,-0.010132034559003095
2021-02-18,0.00733010298443571
2021-02-19,-0.01619360365085436
2021-02-22,-0.02291404706797874
2021-02-23,-0.00528815747375021
2021-02-24,-0.010900893269896017
2021-02-25,0.01138735410390805
2021-02-26,0.018752904318798124
2021-03-01,-0.00022627479634457069
2021-03-02,-0.002309288247182728
2021-03-03,-0.002439119888369208
2021-03-04,0.0144292505388382
2021-03-05,-0.002125638085214698
2021-03-08,0.023293529914565295
2021-03-09,0.011170008235704404
2021-03-10,0.01706361637515502
2021-03-11,-0.00887519933630217
2021-03-12,0.0009010750377358302
2021-03-15,0.00860462534410332
2021-03-16,-0.008242044823680015
2021-03-17,-0.012446669541291748
2021-03-18,0.0007955928848805962
2021-03-19,0.00023889434066683322
2021-03-22,0.00017356114724275792
2021-03-23,0.000820401793336494
2021-03-24,-0.0012682895048649787
2021-03-25,-0.0006958568857724477
2021-03-26,0.0006921933134715521
2021-03-29,-0.005491952505113764
2021-03-30,0.006147984659163544
2021-03-31,0.010829661522706603
2021-04-01,0.011057932577225392
2021-04-05,-0.0011463799627298662
2021-04-06,-0.0005330150584776591
2021-04-07,0.009706726038377085
2021-04-08,-0.006467625192120722
2021-04-09,-0.003927918425126665
2021-04-12,0.005930085324291934
2021-04-13,-0.00025526857709411377
2021-04-14,0.010955530458757107
2021-04-15,-0.0013788133652039788
2021-04-16,-0.008077926616742935
2021-04-19,-0.0003295318820363043
2021-04-20,-0.005270794208571239
2021-04-21,-0.003814415322447495
2021-04-22,0.0
2021-04-23,0.0
2021-04-26,0.003153451332666715
2021-04-27,-0.0036815809870744285
2021-04-28,0.007431445717773763
2021-04-29,-0.010331803975291938
2021-04-30,0.004135630899871679
2021-05-03,-0.00931741040088786
2021-05-04,0.009454184578300717
2021-05-05,0.0001354861432536605
2021-05-06,0.010481569354341061
2021-05-07,-0.009552220628228391
2021-05-10,-0.02689277879188197
2021-05-11,-0.021215560852048256
2021-05-12,0.013884238881055059
2021-05-13,0.012232409807710993
2021-05-14,-0.010144289420300878
2021-05-17,0.005978897251621268
2021-05-18,-0.017346873835828797
2021-05-19,0.005047845997929483
2021-05-20,0.007490268335721444
2021-05-21,0.0073887892885602866
2021-05-24,0.0058512506184456034
2021-05-25,0.0010327354015097704
2021-05-26,-0.00013676950247332807
2021-05-27,0.001819652024555878
2021-05-28,0.006344013748978306
2021-06-01,0.0014251817707285565
2021-06-02,-0.007002874302873559
2021-06-03,0.005190043804817904
2021-06-04,-0.002887059322599419
2021-06-07,0.0026424112267487915
2021-06-08,0.0028505030281020635
2021-06-09,0.0012093520981232442
2021-06-10,0.0017841207788307784
2021-06-11,0.0016273107820403037
2021-06-14,-0.0018224200889609074
2021-06-15,0.0015224243979531085
2021-06-16,-0.002957775808923498
2021-06-17,-0.006956075561251382
2021-06-18,-0.0018900686971460435
2021-06-21,-9.755897703818108e-05
2021-06-22,0.00355231672836156
2021-06-23,0.008456307756824929
2021-06-24,0.0025433881135343895
2021-06-25,0.0053247043309903
2021-06-28,-0.000847962714999866
2021-06-29,0.0003447165857785269
2021-06-30,-0.0002849487776922728
2021-07-01,0.004885006434622542
2021-07-02,0.00403102113987132
2021-07-06,0.006369955530528604
2021-07-07,-0.019967275164280977
2021-07-08,-0.0006180726396172213
2021-07-09,0.0043478904471640194
2021-07-12,-0.0018380941355507783
2021-07-13,0.007483917284376337
2021-07-14,0.0018329688886183587
2021-07-15,0.0029363400349320615
2021-07-16,-0.01115619636778535
2021-07-19,0.004412236737519415
2021-07-20,0.0003483323940076337
2021-07-21,0.0009228485818492786
2021-07-22,0.006981764514876787
2021-07-23,-0.002136701606916402
2021-07-26,-0.0011635419127574598
2021-07-27,0.0013731347840914502
2021-07-28,0.001137664094689983
2021-07-29,-0.007719825041112199
2021-07-30,0.005853644001723114
2021-08-02,0.002000428497622842
2021-08-03,0.0016643941825962556
2021-08-04,0.0014448473905132812
2021-08-05,-0.005631091412140448
2021-08-06,0.0028916572139469432
2021-08-09,0.0008596365548588136
2021-08-10,0.003695323033299203
2021-08-11,-0.001321781579055725
2021-08-12,-0.0002870707425907778
2021-08-13,-0.004186276955490675
2021-08-16,-0.008452016010220392
2021-08-17,-0.0014053573534142248
2021-08-18,0.0
2021-08-19,0.0
2021-08-20,0.0
2021-08-23,-4.028843729400242e-05
2021-08-24,0.00027956973900594495
2021-08-25,-0.0007021336798495033
2021-08-26,0.002473161939489477
2021-08-27,0.0042921478278516775
2021-08-30,0.0014559077690908255
2021-08-31,0.002713188464476146
2021-09-01,0.001973425493768193
2021-09-02,-0.000939671696807771
2021-09-03,0.001418454776587235
2021-09-07,-0.0015808016839713886
2021-09-08,0.0003532950417965755
2021-09-09,0.005606552562038748
2021-09-10,0.005782537065423633
2021-09-13,0.003910771201724229
2021-09-14,0.0015863514382064238
2021-09-15,-0.005607523519590685
2021-09-16,-0.0032014907168901982
2021-09-17,-0.020571311099472633
2021-09-20,0.00597418788985658
2021-09-21,0.0003802056691933721
2021-09-22,0.003915230726460699
2021-09-23,-0.007659290467590879
2021-09-24,-0.00869400337438579
2021-09-27,-0.013227669300957465
2021-09-28,0.00528597714935251
2021-09-29,0.005409759284705888
2021-09-30,0.0022549678989246588
2021-10-01,-0.004232142449124027
2021-10-04,0.003637616686116679
2021-10-05,-0.009368985607700026
2021-10-06,0.007888480715231811
2021-10-07,0.003007352978771821
2021-10-08,-0.004678518264597038
2021-10-11,0.0033477386917501175
2021-10-12,0.004611077886027531
2021-10-13,0.009897859765183476
2021-10-14,0.0030141096382073794
2021-10-15,-0.0010489055823580573
2021-10-18,0.003360761320066812
2021-10-19,0.0013234042188014364
2021-10-20,-0.0009917917517351846
2021-10-21,-0.005158977369941666
2021-10-22,0.005313722080702959
2021-10-25,0.005014114266004544
2021-10-26,0.000665532161267701
2021-10-27,0.005230358298272568
2021-10-28,-0.00233037103662955
2021-10-29,0.0026861034565356804
2021-11-01,-0.0036659298885389833
2021-11-02,0.0023246283156668594
2021-11-03,0.006240367235173167
2021-11-04,0.005059450752783072
2021-11-05,-0.0021665427083784002
2021-11-08,0.0041401763148150965
2021-11-09,-0.009555177986198628
2021-11-10,0.004029710758827712
2021-11-11,0.002887130236411198
2021-11-12,0.002037561434018982
2021-11-15,-0.0025640676433726557
2021-11-16,0.00011488626386201549
2021-11-17,0.0009581965050552004
2021-11-18,0.0006815823281989183
2021-11-19,0.003241207161651459
2021-11-22,-0.0024613541495734936
2021-11-23,-0.0046010706240361765
2021-11-24,-0.01373387347061437
2021-11-26,0.009465582754714754
2021-11-29,-0.004176928056724097
2021-11-30,0.011598919809468979
2021-12-01,-0.008831253346612042
2021-12-02,0.004161320882069685
2021-12-03,0.0034455663908435595
2021-12-06,0.011946176434281633
2021-12-07,-0.0002736048399255938
2021-12-08,-0.0030304754840038296
2021-12-09,0.001632568341237202
2021-12-10,-0.0005441150897814871
2021-12-13,-0.009094542867219507
2021-12-14,-0.0007979817385091346
2021-12-15,0.0019795683409048427
2021-12-16,-0.005018531173747709
2021-12-17,-0.006343667456220392
2021-12-20,0.0021165743280162097
2021-12-21,0.0020456310903728663
2021-12-22,-0.0005474608325677498
2021-12-23,0.0005985754951518675
2021-12-27,0.0006969670152571129
2021-12-28,0.0005723420679588399
2021-12-29,-0.0024405636812970806
2021-12-30,0.0003080860980954615
2021-12-31,0.012449673234621027
2022-01-03,0.002483251126333768
2022-01-04,-0.0032553515675572803
2022-01-05,-0.0019127376349516647
2022-01-06,0.0007263757968809204
2022-01-07,-0.003289885045771877
2022-01-10,-0.0014270127087373764
2022-01-11,0.0032224073368465607
2022-01-12,0.0022964485882892845
2022-01-13,-0.003012711333563185
2022-01-14,-0.012621808643980182
2022-01-18,0.0016796289043805417
2022-01-19,0.00279012902845746
2022-01-20,-0.006124912250810947
2022-01-21,0.0
2022-01-24,-0.012407663646536716
2022-01-25,0.0
2022-01-26,0.0
2022-01-27,0.0
2022-01-28,0.0014573574359155917
2022-01-31,-0.0001250727322244671
2022-02-01,0.006416726067399905
2022-02-02,-0.005363182417250077
2022-02-03,-0.0008947642355082697
2022-02-04,0.00037198586349670667
2022-02-07,-0.0012259838909081313
2022-02-08,0.003907741660791428
2022-02-09,-0.0025754017834119618
2022-02-10,0.0011150932366156632
2022-02-11,0.0
2022-02-14,0.0
2022-02-15,-0.002096712294377876
2022-02-16,-0.0020751000482603903
2022-02-17,0.0
2022-02-18,0.0
2022-02-22,0.0
2022-02-23,0.0
2022-02-24,0.0
2022-02-25,0.0
2022-02-28,0.0
2022-03-01,0.0
2022-03-02,0.0
2022-03-03,0.0
2022-03-04,0.0
2022-03-07,0.0
2022-03-08,0.0
2022-03-09,0.0
2022-03-10,0.0
2022-03-11,0.0
2022-03-14,0.0
2022-03-15,0.0
2022-03-16,0.0
2022-03-17,0.0
2022-03-18,0.0008621216055148119
2022-03-21,0.0009511682319457561
2022-03-22,-0.002038829961095277
2022-03-23,0.002192502278985522
2022-03-24,-0.0006238708191907461
2022-03-25,0.005348660665335366
2022-03-28,0.001439153942157696
2022-03-29,-0.0014434491563771435
2022-03-30,-0.002604519084479386
2022-03-31,0.0005686439910697195
2022-04-01,0.00027231574983995984
2022-04-04,-0.0017136516543622671
2022-04-05,-0.0036707585766507767
2022-04-06,0.00019353174360242875
2022-04-07,-0.0025982859389444245
2022-04-08,-0.006081222038289638
2022-04-11,0.0
2022-04-12,0.0
2022-04-13,0.0
2022-04-14,0.0
2022-04-18,0.0
2022-04-19,0.0
2022-04-20,0.0
2022-04-21,0.0
2022-04-22,0.0
2022-04-25,0.0
2022-04-26,0.0
2022-04-27,0.0
2022-04-28,0.0
2022-04-29,0.0
2022-05-02,0.0
2022-05-03,0.0
2022-05-04,0.0
2022-05-05,0.0
2022-05-06,0.0
2022-05-09,0.0
2022-05-10,0.0
2022-05-11,0.0
2022-05-12,0.0
2022-05-13,0.0
2022-05-16,0.0
2022-05-17,0.0
2022-05-18,0.0
2022-05-19,0.0
2022-05-20,0.0
2022-05-23,0.0
2022-05-24,0.0
2022-05-25,0.0
2022-05-26,0.0
2022-05-27,0.0
2022-05-31,0.0
2022-06-01,0.0
2022-06-02,0.0
2022-06-03,0.0
2022-06-06,0.0
2022-06-07,0.0
2022-06-08,0.0
2022-06-09,0.0
2022-06-10,0.0
2022-06-13,0.0
2022-06-14,0.0
2022-06-15,0.0
2022-06-16,0.0
2022-06-17,0.0
2022-06-21,0.0
2022-06-22,0.0
2022-06-23,0.0
2022-06-24,0.0
2022-06-27,0.0
2022-06-28,0.0
2022-06-29,0.0
2022-06-30,0.0
2022-07-01,0.0
2022-07-05,0.0
2022-07-06,0.0
2022-07-07,0.0
2022-07-08,0.0
2022-07-11,0.0
2022-07-12,0.0
2022-07-13,0.0
2022-07-14,0.0
2022-07-15,0.0
2022-07-18,0.0
2022-07-19,0.0
2022-07-20,0.0
2022-07-21,0.0
2022-07-22,0.0
2022-07-25,0.0
2022-07-26,0.0
2022-07-27,0.0
2022-07-28,0.0
2022-07-29,0.0
2022-08-01,0.0
2022-08-02,0.0
2022-08-03,0.0
2022-08-04,0.0
2022-08-05,0.0
2022-08-08,0.0
2022-08-09,0.0
2022-08-10,0.0
2022-08-11,0.0
2022-08-12,0.0
2022-08-15,0.0
2022-08-16,-0.0012632160103483092
2022-08-17,0.0
2022-08-18,0.0
2022-08-19,0.0
2022-08-22,0.0
2022-08-23,0.0
2022-08-24,0.0
2022-08-25,0.0
2022-08-26,0.0
2022-08-29,0.0
2022-08-30,0.0
2022-08-31,0.0
2022-09-01,0.0
2022-09-02,0.0
2022-09-06,0.0
2022-09-07,0.0
2022-09-08,0.0
2022-09-09,0.0
2022-09-12,0.0
2022-09-13,0.0
2022-09-14,0.0
2022-09-15,0.0
2022-09-16,0.0
2022-09-19,0.0
2022-09-20,0.0
2022-09-21,0.0
2022-09-22,0.0
2022-09-23,0.0
2022-09-26,0.0
2022-09-27,0.0
2022-09-28,0.0
2022-09-29,0.0
2022-09-30,0.0
2022-10-03,0.0
2022-10-04,0.0
2022-10-05,0.0
2022-10-06,0.0
2022-10-07,0.0
2022-10-10,0.0
2022-10-11,0.0
2022-10-12,0.0
2022-10-13,0.0
2022-10-14,0.0
2022-10-17,0.0
2022-10-18,0.0
2022-10-19,0.0
2022-10-20,0.0
2022-10-21,0.0
2022-10-24,0.0
2022-10-25,0.0
2022-10-26,0.0
2022-10-27,0.0
2022-10-28,0.0
2022-10-31,0.0
2022-11-01,0.0
2022-11-02,0.0
2022-11-03,0.0
2022-11-04,0.0
2022-11-07,0.0
2022-11-08,0.0
2022-11-09,0.0
2022-11-10,0.0
2022-11-11,0.0
2022-11-14,0.0
2022-11-15,0.0
2022-11-16,0.0
2022-11-17,0.0
2022-11-18,0.0
2022-11-21,0.0
2022-11-22,0.0
2022-11-23,0.0
2022-11-25,0.0
2022-11-28,0.0
2022-11-29,0.0
2022-11-30,0.0
2022-12-01,0.0
2022-12-02,0.0
2022-12-05,0.0
2022-12-06,0.0
2022-12-07,0.0
2022-12-08,0.0
2022-12-09,0.0
2022-12-12,0.0
2022-12-13,-0.0009863850082311475
2022-12-14,0.0
2022-12-15,0.0
2022-12-16,0.0
2022-12-19,0.0
2022-12-20,0.0
2022-12-21,0.0
2022-12-22,0.0
2022-12-23,0.0
2022-12-27,0.0
2022-12-28,0.0
2022-12-29,0.0
2022-12-30,0.0
2023-01-03,0.0
2023-01-04,0.0
2023-01-05,0.0
2023-01-06,0.0
2023-01-09,0.0
2023-01-10,0.0
2023-01-11,-0.00048106319405717853
2023-01-12,-0.0008631271714689071
2023-01-13,-0.0007880866687536492
2023-01-17,0.002042021793736835
2023-01-18,0.0
2023-01-19,0.0
2023-01-20,0.002156982760866564
2023-01-23,-0.003482451392999959
2023-01-24,-0.006196438986899918
2023-01-25,0.005895307393149545
2023-01-26,-0.004977655464750085
2023-01-27,-0.006934001726641825
2023-01-30,-0.006528210791309437
2023-01-31,0.0010926439410549606
2023-02-01,0.0065884571722487845
2023-02-02,-0.014302204745193657
2023-02-03,-0.010726464806669448
2023-02-06,0.002261830047259122
2023-02-07,-0.006192794785674362
2023-02-08,0.013445554006812185
2023-02-09,-0.007378388611007238
2023-02-10,0.0036371093510752838
2023-02-13,-0.0054126270298411475
2023-02-14,-0.012487738633914384
2023-02-15,-0.01511639782135507
2023-02-16,-0.006653994788666254
2023-02-17,-0.010299785754260793
2023-02-21,0.0010728811766477222
2023-02-22,0.007555688985075686
2023-02-23,-0.012983774544150539
2023-02-24,0.0030583928354387486
2023-02-27,-0.00231300315025037
2023-02-28,0.0014147959771943052
2023-03-01,-0.0027995918678845786
2023-03-02,1.7867224498318153e-05
2023-03-03,0.004851760569853338
2023-03-06,0.002430196936152782
2023-03-07,0.0012317705932619813
2023-03-08,0.00018787769317957047
2023-03-09,-0.0010170588788861034
2023-03-10,0.0
2023-03-13,0.0
2023-03-14,-0.00812478172319742
2023-03-15,0.0
2023-03-16,-6.840727875641241e-05
2023-03-17,-0.0019020304491679926
2023-03-20,0.008181449072945964
2023-03-21,0.0002828907722342014
2023-03-22,0.016697114140491267
2023-03-23,-0.004773984161936107
2023-03-24,-0.0017765370136344936
2023-03-27,-0.0027139472745312094
2023-03-28,0.010293483450081773
2023-03-29,0.00549947989908725
2023-03-30,-0.00927962024384244
2023-03-31,-0.00841343892974018
2023-04-03,0.0010602052475234055
2023-04-04,-0.006735802846783357
2023-04-05,-0.006012781094036468
2023-04-06,-0.006410766546908729
2023-04-10,0.00025701125842285036
2023-04-11,0.0051527761129172515
2023-04-12,0.00458564760818329
2023-04-13,-0.0037510868225994537
2023-04-14,-0.005771805765223299
2023-04-17,0.007590841848144208
2023-04-18,-0.010827226658422612
2023-04-19,-0.0077955126162847855
2023-04-20,-0.004240006157472333
2023-04-21,-0.0036028636856879803
2023-04-24,-0.004831649695350939
2023-04-25,0.0
2023-04-26,0.0
2023-04-27,0.0
2023-04-28,-0.0005939269195451731
2023-05-01,-0.002893231762865251
2023-05-02,-0.0006219342736590702
2023-05-03,-0.0014146536673122732
2023-05-04,0.001216794619355759
2023-05-05,-0.002584988852099652
2023-05-08,-0.005586717447348288
2023-05-09,0.00790571998762614
2023-05-10,0.0038526268497099617
2023-05-11,0.0006885548113640843
2023-05-12,0.0029447938043933755
2023-05-15,-0.002250924926963416
2023-05-16,0.006693496628473406
2023-05-17,0.0024762489677503724
2023-05-18,-0.0014452279878761293
2023-05-19,-0.007480015330205536
2023-05-22,-0.004019329090870538
2023-05-23,-0.008770534229209176
2023-05-24,0.03370138736876392
2023-05-25,0.004135188175023627
2023-05-26,0.007874627327688746
2023-05-30,-0.008993729972004053
2023-05-31,-1.6958020197052983e-05
2023-06-01,0.005090587733573858
2023-06-02,0.0003054775922765912
2023-06-05,-0.002704114684547911
2023-06-06,0.0028095513669924004
2023-06-07,-0.0019587899448736757
2023-06-08,0.008893531519250774
2023-06-09,0.007128747646195585
2023-06-12,0.008745833940901513
2023-06-13,0.001035142682077126
2023-06-14,-0.006995924861477911
2023-06-15,0.007748578375889568
2023-06-16,-0.004131759512511271
2023-06-20,-0.0023889849018211362
2023-06-21,-0.0057074520016851624
2023-06-22,-0.009550011268418401
2023-06-23,-0.004047207143182128
2023-06-26,0.0
2023-06-27,-0.010545450360822686
2023-06-28,0.0027089627667299387
2023-06-29,0.010915394535847002
2023-06-30,0.0072422441872182
2023-07-03,-0.005723085107585975
2023-07-05,-0.012224644551674099
2023-07-06,0.0009518715032971459
2023-07-07,0.00014097232810177644
2023-07-10,0.0012197011961985864
2023-07-11,0.013076690699614393
2023-07-12,0.00967753273404594
2023-07-13,0.0013060172754031432
2023-07-14,0.0032504153188594054
2023-07-17,-0.0034754137175432333
2023-07-18,0.005078531815956268
2023-07-19,-0.007187868198320009
2023-07-20,0.007298094391400438
2023-07-21,0.0021786610721803218
2023-07-24,0.004873401660142612
2023-07-25,-0.0043971757748952475
2023-07-26,0.0157500057012825
2023-07-27,0.010881721572322171
2023-07-28,-0.0015257846161153335
2023-07-31,-0.004408537213068098
2023-08-01,-0.012214372166263665
2023-08-02,-0.007474714346580476
2023-08-03,0.006579653331207513
2023-08-04,0.0035711081965394418
2023-08-07,-0.009722417939680136
2023-08-08,0.001356486194173386
2023-08-09,0.007274776372638256
2023-08-10,-0.01044996464103134
2023-08-11,-0.0049838573816899205
2023-08-14,-0.002084742581318313
2023-08-15,-0.00397633600171615
2023-08-16,0.004140585151022966
2023-08-17,-0.015238006621428421
2023-08-18,0.006708317175208796
2023-08-21,0.011751332597586626
2023-08-22,0.0019306356721448764
2023-08-23,0.013836629818346595
2023-08-24,3.898591602628001e-05
2023-08-25,0.011212161705528113
2023-08-28,-0.002819112169250917
2023-08-29,0.00028047528945005315
2023-08-30,-0.0020134095358035784
2023-08-31,0.0071903460058372224
2023-09-01,-0.0025441527300287706
2023-09-05,-0.0025989104123605665
2023-09-06,-0.019944233645567203
2023-09-07,-0.0007190599439771514
2023-09-08,0.014678824329532048
2023-09-11,-0.006491762172311933
2023-09-12,0.0012278964039121657
2023-09-13,0.00713193692730973
2023-09-14,-0.003342861512755781
2023-09-15,-0.0062594563139182
2023-09-18,-0.004047659033787975
2023-09-19,0.0023843786403790258
2023-09-20,-0.015814438948948174
2023-09-21,0.006765957220321384
2023-09-22,-0.0045213147806225425
2023-09-25,-0.009185054039626538
2023-09-26,0.003233239943107885
2023-09-27,-0.00190977964782852
2023-09-28,0.01016886901811805
2023-09-29,-0.0004497298380696455
2023-10-02,-0.007919652801912681
2023-10-03,0.0019436361049374967
2023-10-04,-0.001496716543390641
2023-10-05,-0.009684270506350824
2023-10-06,-0.009831420478487238
2023-10-09,-0.000171075635997064
2023-10-10,0.004518112860788926
2023-10-11,0.0006552135870674847
2023-10-12,0.0012858554397451483
2023-10-13,0.0012561284755984953
2023-10-16,-0.016896707009349234
2023-10-17,-0.009480321311971157
2023-10-18,0.005920171448917815
2023-10-19,-0.00010549660694834738
2023-10-20,-0.0038341749653549597
2023-10-23,0.0031651278463062623
2023-10-24,-0.003829541306505144
2023-10-25,0.0
2023-10-26,0.0
2023-10-27,0.0
2023-10-30,0.0
2023-10-31,0.0
2023-11-01,0.009404273802959598
2023-11-02,0.005618020074283946
2023-11-03,0.0030709347428895797
2023-11-06,0.0006326584962236595
2023-11-07,0.001718637264839528
2023-11-08,0.0027678980016600297
2023-11-09,0.005273518341575927
2023-11-10,-0.005336868191488671
2023-11-13,0.019888898050342132
2023-11-14,0.0056609516725146655
2023-11-15,-0.0041715173263897455
2023-11-16,-0.002738931809445222
2023-11-17,-0.00042866654760250725
2023-11-20,-0.005846599365412782
2023-11-21,0.005195454502611963
2023-11-22,-0.002603924838036309
2023-11-24,-0.001897466708974084
2023-11-27,-0.004712866438732743
2023-11-28,0.00727795383944092
2023-11-29,-4.8609597772181386e-05
2023-11-30,-0.006062770649597445
2023-12-01,-0.013329596636405055
2023-12-04,-0.006012584247434795
2023-12-05,0.010775526979419492
2023-12-06,0.010944152873047666
2023-12-07,-0.004893433816478032
2023-12-08,-0.0033277884169925723
2023-12-11,-0.006499873895385398
2023-12-12,2.9044064558781107e-05
2023-12-13,0.0049002769594797884
2023-12-14,0.0009003300902735384
2023-12-15,0.0010582363642112852
2023-12-18,3.380824322405399e-05
2023-12-19,-0.0010614349130036178
2023-12-20,0.010304719487601416
2023-12-21,0.0029904040953227457
2023-12-22,0.002534001167749511
2023-12-26,0.00263872702160225
2023-12-27,0.0038036560643155866
2023-12-28,0.0015215551574761404
2023-12-29,-0.011528327019822305
2024-01-02,-0.009377023327810003
2024-01-03,-0.0029475418595174612
2024-01-04,-0.0003418054347275821
2024-01-05,0.005142714743525857
2024-01-08,-0.007778348970939287
2024-01-09,0.002364885657425424
2024-01-10,0.0033599716118118917
2024-01-11,0.0005344818158492417
2024-01-12,0.0009857037807603946
2024-01-16,-0.006275399657569309
2024-01-17,0.014325302300184523
2024-01-18,0.008774078241526168
2024-01-19,0.0040465779270027905
2024-01-22,0.0005436925834672568
2024-01-23,0.009107474041285918
2024-01-24,0.006855844124737997
2024-01-25,-0.005150413222537711
2024-01-26,0.0019058731593138293
2024-01-29,-0.0007536394238103301
2024-01-30,-0.009649154918816587
2024-01-31,0.0022038336826947047
2024-02-01,0.003764190066901592
2024-02-02,0.004162767318570029
2024-02-05,0.002189711673937647
2024-02-06,0.0025516183807357566
2024-02-07,0.001090715724418603
2024-02-08,0.0008016116851348532
2024-02-09,0.00020450563617935535
2024-02-12,-0.015811987625616385
2024-02-13,0.0059368537567085515
2024-02-14,0.0013360792556875412
2024-02-15,0.0009900041743810784
2024-02-16,-0.004385592569972767
2024-02-20,-0.0038770626152137447
2024-02-21,0.018029235957092295
2024-02-22,0.002495207473090711
2024-02-23,0.004326915106553942
2024-02-26,0.0029232933481600437
2024-02-27,-0.002246608589465511
2024-02-28,0.0028707146606012078
2024-02-29,0.0028123278871570513
2024-03-01,0.00013571908533015965
2024-03-04,-0.004454828776350073
2024-03-05,0.0030242260923638623
2024-03-06,0.0066454469732097725
2024-03-07,0.0007656512742637015
2024-03-08,-0.003762800302749143
2024-03-11,0.0021811090920152852
2024-03-12,4.765059888252946e-05
2024-03-13,0.002112769847738987
2024-03-14,-0.0025072005105936123
2024-03-15,0.006234977745359269
2024-03-18,-0.0014454811095272937
2024-03-19,0.0013367021970153695
2024-03-20,0.0032704793283381143
2024-03-21,-0.0005438582934397849
2024-03-22,-0.0065204675348082275
2024-03-25,0.002679082907666204
2024-03-26,0.0039219412677814446
2024-03-27,-0.0009263776795604793
2024-03-28,0.0006393846701662834
2024-04-01,-0.009166879744193907
2024-04-02,-0.0031719096230436055
2024-04-03,0.005600468801853727
2024-04-04,0.004121946042554406
2024-04-05,0.002159516230189105
2024-04-08,0.0065851686058902995
2024-04-09,-0.00822412518917424
2024-04-10,0.0035882528530695275
2024-04-11,-0.012339711789529799
2024-04-12,0.008738583424295818
2024-04-15,-0.0005115171869271708
2024-04-16,0.005625029055944962
2024-04-17,0.0031372725402037307
2024-04-18,-0.004346134590857451
2024-04-19,0.00771399320200238
2024-04-22,0.008517058844349666
2024-04-23,0.006486512373714201
2024-04-24,-0.004561365744348252
2024-04-25,0.0022710503433474075
2024-04-26,0.0007311770693388376
2024-04-29,-0.0014408907036753593
2024-04-30,-0.0009066012720724069
2024-05-01,0.0029174403342072308
2024-05-02,0.008701081742909155
2024-05-03,0.005675389601574436
2024-05-06,-0.0004054868008275014
2024-05-07,-0.0007469863984847257
2024-05-08,-0.0008585631279603523
2024-05-09,0.006820468072853774
2024-05-10,0.0018707733378724779
2024-05-13,-0.0011743287565053205
2024-05-14,0.004473338211269081
2024-05-15,-0.00012000544846715728
2024-05-16,0.00525104097502073
2024-05-17,0.003312603769733194
2024-05-20,-0.00860819725565428
2024-05-21,0.0031694810133621144
2024-05-22,0.013093898472812367
2024-05-23,0.0028937860585755005
2024-05-24,0.006225294196993796
2024-05-28,-0.01178726464774868
2024-05-29,-0.0034447061762766414
2024-05-30,0.00042821954409432594
2024-05-31,0.014488624628196074
2024-06-03,-0.002010792320644805
2024-06-04,0.013549556250591533
2024-06-05,0.001160709505092055
2024-06-06,0.0001031850444453131
2024-06-07,-0.004164638085079227
2024-06-10,-0.0004389790622529973
2024-06-11,0.013143174265439747
2024-06-12,0.004019195692970489
2024-06-13,-0.003902522655723342
2024-06-14,0.004390184735733236
2024-06-17,0.002949024133290044
2024-06-18,0.008393254920936075
2024-06-20,-0.0007163113953000443
2024-06-21,-0.0022525594951263426
2024-06-24,0.0005246697349660769
2024-06-25,-0.0021214948100784945
2024-06-26,-9.279658932683771e-05
2024-06-27,-0.0005604424623850244
2024-06-28,0.0003161127508670106
2024-07-01,-0.001316246447076605
2024-07-02,0.000301776257934914
2024-07-03,0.0005858517781026708
2024-07-05,0.0044393461617559735
2024-07-08,0.002954154991416889
2024-07-09,0.006540087245135005
2024-07-10,-0.0006404517230044666
2024-07-11,-0.003559379089171908
2024-07-12,0.004747715948903189
2024-07-15,0.003951276504187372
2024-07-16,-0.026817002344051974
2024-07-17,0.0019197237471371411
2024-07-18,-0.0011721108173477401
2024-07-19,0.005009265425160029
2024-07-22,0.00031980420124696715
2024-07-23,-0.00793088346626174
2024-07-24,-0.0011623997710899926
2024-07-25,0.003324648629216633
2024-07-26,0.0025658554716376882
2024-07-29,0.0016976780872344935
2024-07-30,0.00992693926186031
2024-07-31,-0.0007920058725460244
2024-08-01,-0.003717491570146823
2024-08-02,-0.011505866830526233
2024-08-05,1.0245206415766574e-05
2024-08-06,0.001829977012403834
2024-08-07,0.0009478034719738916
2024-08-08,-0.001286688296924814
2024-08-09,0.0003754901308139003
2024-08-12,0.0006501014649089099
2024-08-13,-0.0011121149512920915
2024-08-14,0.0022148917004018425
2024-08-15,-0.0013811546614508697
2024-08-16,0.0010533617207080217
2024-08-19,-0.00021083767105595447
2024-08-20,-0.0012500991352414248
2024-08-21,0.0025378390265789327
2024-08-22,0.0021871580735374476
2024-08-23,8.711706607398745e-05
2024-08-26,-0.001456301568519036
2024-08-27,0.000189975723743119
2024-08-28,0.005755067801388481
2024-08-29,0.005964819940591962
2024-08-30,-0.004744697482940816
2024-09-03,-0.0022197116909029656
2024-09-04,0.002134377166739954
2024-09-05,0.003298093031107574
2024-09-06,0.006125547118379764
2024-09-09,0.0014314143788061887
2024-09-10,0.0020504232000684787
2024-09-11,-0.00012196628982960006
2024-09-12,-0.0014262418479704664
2024-09-13,-0.004862825826897026
2024-09-16,0.004311997709235589
2024-09-17,0.00241193676248507
2024-09-18,0.019515528976592162
2024-09-19,-3.864211430432111e-05
2024-09-20,0.00337627995215994
2024-09-23,0.006264141512435143
2024-09-24,-0.0012657743948615559
2024-09-25,0.01062480088512642
2024-09-26,0.0018096055817699824
2024-09-27,-0.0034232446657819636
2024-09-30,0.0007867575836346477
2024-10-01,-0.004833360722716424
2024-10-02,-0.0034513126416371564
2024-10-03,0.012776430740980078
2024-10-04,-0.0021048648457955396
2024-10-07,0.006793587053377121
2024-10-08,0.0004387724881030945
2024-10-09,-0.0062254366289709265
2024-10-10,-0.009977758947195499
2024-10-11,0.00473791237056254
2024-10-14,0.0004024154339118959
2024-10-15,0.0019954749936035685
2024-10-16,0.008395299896300824
2024-10-17,0.004534739190364193
2024-10-18,-0.002657427801379999
2024-10-21,-0.004842351360523114
2024-10-22,-0.003393878492806233
2024-10-23,0.002297877432712961
2024-10-24,0.0041054964178491886
2024-10-25,0.003480856363748756
2024-10-28,0.00045128749697396933
2024-10-29,-0.004780522068253001
2024-10-30,-0.0034143903878677295
2024-10-31,0.00014503272372862671
2024-11-01,-0.00010870163607293863
2024-11-04,0.003206558529481025
2024-11-05,0.007256353185663029
2024-11-06,0.005038743385064572
2024-11-07,-0.002126029023249274
2024-11-08,-0.0015494479647493817
2024-11-11,0.0015568256718284281
2024-11-12,-0.0017850128116074046
2024-11-13,0.00041873593527923096
2024-11-14,-0.006869260584192035
2024-11-15,-0.0009230543726936189
2024-11-18,-0.0003030612441788347
2024-11-19,-0.0008233459729895684
2024-11-20,0.0022382221494802244
2024-11-21,0.0006832580805922642
2024-11-22,0.001487313284643506
2024-11-25,0.0016837024858729467
2024-11-26,-0.003810130597727861
2024-11-27,0.0005051127781763225
2024-11-29,0.0033953493295797534
2024-12-02,-0.0023356892293498375
2024-12-03,0.005508461751701253
2024-12-04,0.0016891987649051516
2024-12-05,-3.2301333116531254e-05
2024-12-06,-0.0030954007638278897
2024-12-09,0.00470308038132054
2024-12-10,0.011480785257230317
2024-12-11,-0.0019514645667906925
2024-12-12,0.004902252518266584
2024-12-13,0.003939970567817766
2024-12-16,-0.0008440823096394246
2024-12-17,-0.0003178795249252662
2024-12-18,0.009922334312971784
2024-12-19,-0.0075986467057766
2024-12-20,0.006393939679724628
2024-12-23,0.001294336883587524
2024-12-24,-0.0011738757019041789
2024-12-26,-0.004163668380753559
2024-12-27,-0.011145017085397823
2024-12-30,0.0024491603792100316
2024-12-31,-0.0018925376825945676
2025-01-02,0.00415102397670217
2025-01-03,0.012212190518909894
2025-01-06,0.0011405900418166766
2025-01-07,-0.00034864112962279526
2025-01-08,-0.0040079628090359185
2025-01-10,-0.015134026675252248
2025-01-13,0.006247445619883904
2025-01-14,0.010204002396387185
2025-01-15,0.0022539555057465993
2025-01-16,0.01514826417274623
2025-01-17,0.0039870223520472115
2025-01-21,0.008176258822626977
2025-01-22,-0.004427568020162671
2025-01-23,0.0037528137319797258
2025-01-24,-0.054335237036236377
2025-01-27,0.0
2025-01-28,9.313493801057064e-05
2025-01-29,0.0012854138168256713
2025-01-30,0.0012224403355242908
2025-01-31,-0.009835463321321843
2025-02-03,0.00042932318770846147
2025-02-04,-0.0019144931813597022
2025-02-05,-0.0012390646210123004
2025-02-06,-0.00044582113336187
2025-02-07,-0.0002283355194178126
2025-02-10,-0.0027159784919186156
2025-02-11,0.0
2025-02-12,0.0
2025-02-13,0.0
2025-02-14,-0.00015060631214152347
2025-02-18,-0.0020121974606047053
2025-02-19,-0.0009365220361702018
2025-02-20,8.240904259671397e-05
2025-02-21,0.0004297221844907043
2025-02-24,-0.0013021830116810196
2025-02-25,0.0027869673864236626
2025-02-26,0.0035552332967238877
2025-02-27,-0.0023061727127776104
2025-02-28,0.006062293219771765
2025-03-03,-0.006200788766473708
2025-03-04,0.002247517506064716
2025-03-05,-0.006752136367529046
2025-03-06,-0.0005811757747345191
2025-03-07,-0.004367994634477122
2025-03-10,0.0
2025-03-11,0.0
2025-03-12,0.0
2025-03-13,0.0
2025-03-14,0.0
2025-03-17,0.0
2025-03-18,0.0
2025-03-19,0.0
2025-03-20,0.0
2025-03-21,0.0
2025-03-24,-0.00022823524709691286
2025-03-25,-0.0008898868819464046
2025-03-26,0.0
2025-03-27,0.0
2025-03-28,0.0
2025-03-31,0.0
2025-04-01,0.0
2025-04-02,0.0
2025-04-03,0.0
2025-04-04,0.0
2025-04-07,0.0
2025-04-08,0.0
2025-04-09,0.0
2025-04-10,0.0
2025-04-11,0.0
2025-04-14,0.0
2025-04-15,0.0
2025-04-16,0.0
2025-04-17,0.0
2025-04-21,0.0
2025-04-22,0.0
2025-04-23,0.0
2025-04-24,0.0
2025-04-25,0.0
2025-04-28,0.0
2025-04-29,0.0
2025-04-30,0.0
2025-05-01,0.0
2025-05-02,0.0
2025-05-05,0.0
2025-05-06,0.0
2025-05-07,0.0
2025-05-08,0.0
2025-05-09,0.0
2025-05-12,0.0011920950862709214
2025-05-13,0.004101786594684383
2025-05-14,-0.006614418079699828
2025-05-15,0.001594151319114048
2025-05-16,-0.017675340868663545
2025-05-19,-0.004124914279924683
2025-05-20,-0.005246376390936223
2025-05-21,-0.0021466768841282824
2025-05-22,-0.01431363605220052
2025-05-23,0.0
2025-05-27,0.0006893439521599112
2025-05-28,0.011699484829111977
2025-05-29,-0.003336499190757951
2025-05-30,-0.0020637547932892053
2025-06-02,0.002363364425414092
2025-06-03,0.003841504801093963
2025-06-04,0.002237289454556593
2025-06-05,0.006557402421919131
2025-06-06,0.002848243806576115
2025-06-09,0.005339758321736427
2025-06-10,0.0067430875561555964
2025-06-11,-0.00542696517693288
2025-06-12,-0.014609330300342654
2025-06-13,0.009173520713700995
2025-06-16,-0.00361563614596494
2025-06-17,0.001981126667906197
2025-06-18,0.007855611531469556
2025-06-20,0.0009149815830971344
2025-06-23,0.01461385185216329
2025-06-24,0.005215975822060691
2025-06-25,0.004175342195070773
2025-06-26,0.0007034863041503183
2025-06-27,0.004155766582954901
2025-06-30,-0.011471868300364408
2025-07-01,-0.0029716880248282958
2025-07-02,0.005122311218140863
2025-07-03,-0.013117244155458018
2025-07-07,0.0065615503224803525
2025-07-08,0.004842056288449986
2025-07-09,0.005890014196764242
2025-07-10,-0.004493904303411673
2025-07-11,-0.004811466901818801
2025-07-14,0.017804447010905788
2025-07-15,-0.000693743847785506
2025-07-16,-0.0005697776324591628
2025-07-17,0.003179667647857425
2025-07-18,0.0016927457769326626
2025-07-21,-0.00011093833767407109
2025-07-22,0.0041419914014055636
2025-07-23,0.005462137049229019
2025-07-24,5.633168396610252e-05
2025-07-25,0.002558883591946942
2025-07-28,0.0037610848291569016
2025-07-29,0.00041730348412918146
2025-07-30,0.0029746279150187267
2025-07-31,-0.016748097116302374
2025-08-01,0.008012447519297226
2025-08-04,0.0010254931950618245
2025-08-05,-0.002396531828821122
2025-08-06,0.01461508172375198
2025-08-07,0.0025556172573164876
2025-08-08,0.0038449124704554877
2025-08-11,0.006154815523977698
2025-08-12,0.0063462714638396365
2025-08-13,-0.007829518328531014
2025-08-14,-0.0013707768654966145
2025-08-15,-0.0010384618073532744
2025-08-18,-0.00446193759020741
2025-08-19,-0.005988375212930104
2025-08-20,0.0
2025-08-21,0.0
2025-08-22,0.0
2025-08-25,0.0019200447950721738
2025-08-26,-0.002453441859496814
2025-08-27,0.0016466288061478922
2025-08-28,-0.004091289050173575
2025-08-29,-0.020359488268264506
2025-09-02,0.013708443500345136
2025-09-03,-4.47821746359596e-05
2025-09-04,0.004110879151985514
2025-09-05,0.0018575380939446003
2025-09-08,0.0030988708382525395
2025-09-09,0.018432548098519227
2025-09-10,0.0076533790755259545
2025-09-11,0.005109082694419338
2025-09-12,0.008547438558081252
2025-09-15,0.003688670616423706
2025-09-16,-0.0030850687910104115
2025-09-17,0.0013463088934454743
2025-09-18,-0.001003503184808144
2025-09-19,0.001826255172099229
2025-09-22,0.005041359604759288
2025-09-23,0.0030163376046121403
2025-09-24,-0.013120022186769232
2025-09-25,0.0012004742934704532
2025-09-26,0.0062092600570518375
2025-09-29,0.0002619126671079888
2025-09-30,-0.006785913502373456
2025-10-01,0.014714609007037275
2025-10-02,0.00430984494257603
2025-10-03,0.040345933714328555
2025-10-06,0.002300158696199162
2025-10-07,0.0025557033672712563
2025-10-08,-0.003356869923359573
2025-10-09,0.0003252813372929822
2025-10-10,0.03174794381548873
2025-10-13,-0.013777514344730575
2025-10-14,0.013400309837247208
2025-10-15,0.006785392307814014
2025-10-16,-0.006492334399963691
2025-10-17,0.008808994232129603
2025-10-20,-0.0017912381609865814
2025-10-21,0.0031777112205974996
2025-10-22,0.00043324834655638966
2025-10-23,0.009435297036515342
2025-10-24,0.01600460354295039
2025-10-27,0.004887860072995354
2025-10-28,0.00882368009880975
2025-10-29,-0.004769479139770531
2025-10-30,0.0073838945710725315
2025-10-31,0.009892405510251355
2025-11-03,-0.01942180137798609
2025-11-04,0.0037798540034718548
2025-11-05,-0.00015835566855370656
2025-11-06,-0.00854306021239289
2025-11-07,0.019511426201757304
2025-11-10,-0.007840178258146408
2025-11-11,0.006405064192510762
2025-11-12,-0.007590786106268473
2025-11-13,-0.019183305011606307
2025-11-14,-0.0045646345826754935
2025-11-17,-0.00814046792263012
2025-11-18,-0.0004026391331139039
2025-11-19,0.0
2025-11-20,0.0
2025-11-21,0.0
2025-11-24,-0.004589809221748429
2025-11-25,0.0071800246863134715
2025-11-26,0.0009733214557037707
2025-11-28,-0.009009112756218275
2025-12-01,0.0033093241295867578
2025-12-02,-0.0033747296652197416
2025-12-03,0.0025000283232710172
2025-12-04,0.004129247675269837
2025-12-05,0.005454559912078868
2025-12-08,-0.004010776496194101
2025-12-09,-0.001317921731767768
2025-12-10,-0.007496621721161562
2025-12-11,-0.003595053587256753
2025-12-12,0.010274619502539545
2025-12-15,-0.005902938588506234
2025-12-16,0.0018786626058080952
2025-12-17,0.017254170297601772
2025-12-18,0.006390808298149835
2025-12-19,0.015621366584349318
2025-12-22,-0.002263080497319825
2025-12-23,0.0007184500445325266
2025-12-24,0.00260055768300258
2025-12-26,-0.009747694242449577
2025-12-29,-0.00028788642638151153
2025-12-30,0.0026819441782840797
2025-12-31,0.015887067460291737
2026-01-02,0.01665313377128092
2026-01-05,0.005030432828080982
2026-01-06,-0.0009245817878902173
2026-01-07,0.0011048159523749648
2026-01-08,0.003126575699776089
2026-01-09,-0.006875274662383918
2026-01-12,0.00443743315078786
2026-01-13,-0.00716106256134358
2026-01-14,0.0085750495387238
2026-01-15,0.005732042802731111
2026-01-16,-0.014699191947565027
2026-01-20,0.008169386499482695
2026-01-21,0.011687917806111387
2026-01-22,0.0030233643194809636
2026-01-23,-0.0029728530458993326
2026-01-26,0.010195239820273734
2026-01-27,0.009050367817464119
2026-01-28,0.0015776251593436342
2026-01-29,-0.005324742680678216
2026-01-30,-0.007403045154234021
2026-02-02,0.00549265872425164
2026-02-03,-0.0027346024926061066
2026-02-04,-0.0012053665479751217
2026-02-05,0.009583161203637221
2026-02-06,-0.006376712623339679
2026-02-09,0.0013715990226666236
2026-02-10,0.013756007392898627
2026-02-11,0.004043724185696598
2026-02-12,-0.0011722006072417733
2026-02-13,-0.007396733626712986
2026-02-17,0.0010768134797215904
2026-02-18,-0.0035597023822345687
2026-02-19,-0.002503099523876866
2026-02-20,-0.0017189896664333991
2026-02-23,0.007272571506396333
2026-02-24,0.006136362190380203
2026-02-25,-0.004331595089216415
2026-02-26,-0.012200205708840567
2026-02-27,-0.016887021917377707
2026-03-02,-0.026127224786375094
2026-03-03,0.007327757250439679
2026-03-04,-0.004867402509906036
2026-03-05,-0.016992981244461473
2026-03-06,-0.010788197037048213
2026-03-09,0.0013909795063791579
2026-03-10,0.006022133199854745
2026-03-11,-0.010923548568591929
2026-03-12,0.008018676245276263
2026-03-13,0.010165553082920744
2026-03-16,0.004421566039341656
2026-03-17,-0.0017227280809825139
2026-03-18,-0.00915191900836611
2026-03-19,-0.0026294631269481437
2026-03-20,0.0
2026-03-23,0.0
2026-03-24,0.0
2026-03-25,0.0
2026-03-26,0.0
2026-03-27,0.0
2026-03-30,0.0
2026-03-31,0.0
2026-04-01,0.0
2026-04-02,0.0
2026-04-06,0.0
2026-04-07,0.0
2026-04-08,0.0002520672674620752
2026-04-09,0.002998423898997771
2026-04-10,-0.0024105578004088965
2026-04-13,0.0024225913625558594
2026-04-14,0.0019431256246698995
2026-04-15,0.0014827648699722688
2026-04-16,0.0035675148654764886
2026-04-17,7.054505252968043e-05
2026-04-20,0.00015756735917944484
2026-04-21,0.0045768879692453185
2026-04-22,0.0004772763398573134
2026-04-23,0.011162001326388216
2026-04-24,0.0008664013058074469
2026-04-27,-0.014379585534706179
2026-04-28,0.004802079510321051
2026-04-29,0.007586955610617059
2026-04-30,-0.002171970341027123
2026-05-01,0.004688780029994973
2026-05-04,0.008729591339012006
2026-05-05,0.008690283981886088
2026-05-06,-0.0027966115286454274
2026-05-07,0.008916139043862436
2026-05-08,-0.002646020512589715
2026-05-11,-0.002885583197668902
2026-05-12,0.0015338636109980986
2026-05-13,0.0021449702587209023
2026-05-14,-0.005294148667874395
2026-05-15,-0.0013809235000201547
2026-05-18,-0.005566390783479965
2026-05-19,0.0005750038185241647
2026-05-20,-0.0009656909611182774
2026-05-21,0.003086604504418245
2026-05-22,0.0053894662049807545
2026-05-26,0.00660215745117696
2026-05-27,-0.001129840816596972
2026-05-28,0.001375444313422347
2026-05-29,0.0003139741888754569
2026-06-01,0.005455726491378516
2026-06-02,-0.0007703809834402552
2026-06-03,-0.0027396060452641313
2026-06-04,-0.010151855779651036
